style_id,image_path,scale,seed,n_refs,clip_mean_sim,dinov2_mean_sim,clip_p90_limit,dinov2_p90_limit,gate1_pass,clip_max_sim,dinov2_max_sim,clip_gate1b_limit,dinov2_gate1b_limit,gate1b_pass,clone_fails_gate1b,floor_max_sim,floor_limit,integrity_floor_pass,smolvlm_fidelity,smolvlm_gate2_pass,smolvlm_extraction,smolvlm_gate3_answers,smolvlm_gate3_pass,smolvlm_vlm_coherent,florence2_fidelity,florence2_gate2_pass,florence2_extraction,gate2_pass,gate3_pass,gate2_advisory_pass,integrity_style_pass,global_floor_limit
Ladieswear || Dress || Dresses Ladies || Red || Solid,data\generated\n9\ladieswear_dress_dresses-ladies_red_solid\s0.15_seed42.png,0.15,42,25,0.8009349274635315,0.6665744435787201,0.9505268812179566,0.8402593493461609,true,0.8350832462310791,0.7986882328987122,0.9740213394165039,0.9010064125061035,true,true,0.7986882328987122,0.7542705535888672,true,0.5666666666666667,true,"{""product_type"": ""Dress."", ""colour_family"": ""Orange."", ""graphical_treatment"": ""Solid.""}",YY,true,true,0.2833333333333333,false,"{""product_type"": ""The image shows a light pink dress with a square neckline and long sleeves. The dress has a tie waist at the waist, creating a flattering silhouette. The waistline is cinched with a thin belt, adding a touch of elegance to the dress. The fabric appears to be lightweight and flowy, with a subtle sheen. The sleeves are puff-sleeved, giving the dress a feminine and elegant look. The background is a plain beige color"", ""colour_family"": ""The image shows a light pink dress with a square neckline and long sleeves. The dress has a tie waist at the waist, creating a flattering silhouette. The waistline is cinched with a thin belt, adding a touch of elegance to the dress. The fabric appears to be lightweight and flowy, with a subtle sheen. The sleeves are puff-sleeved, giving the dress a feminine and elegant look. The background is a plain beige color"", ""graphical_treatment"": ""The image shows a light pink dress with a square neckline and long sleeves. The dress has a tie waist at the waist, creating a flattering silhouette. The waistline is cinched with a thin belt, adding a touch of elegance to the dress. The fabric appears to be lightweight and flowy, with a subtle sheen. The sleeves are puff-sleeved, giving the dress a feminine and elegant look. The background is a plain beige color""}",true,true,false,true,0.7785730004310608
Ladieswear || Dress || Dresses Ladies || Red || Solid,data\generated\n9\ladieswear_dress_dresses-ladies_red_solid\s0.15_seed43.png,0.15,43,25,0.7442090010643005,0.2807816392183304,0.9505268812179566,0.8402593493461609,true,0.807100236415863,0.42523840069770813,0.9740213394165039,0.9010064125061035,true,true,0.42523840069770813,0.7542705535888672,false,0.85,true,"{""product_type"": ""Dress."", ""colour_family"": ""Red."", ""graphical_treatment"": ""Solid.""}",YY,true,true,0.5666666666666667,true,"{""product_type"": ""The image shows a young woman wearing a long, red dress. The dress has a square neckline and short sleeves with puff sleeves. It has a tie waist and a slit on the side, creating a flattering silhouette. The woman is standing in front of a plain beige background and is posing with one hand on her hip and the other hand resting on her thigh. She is wearing strappy heels and has long dark hair styled in loose waves. The overall look is"", ""colour_family"": ""The image shows a young woman wearing a long, red dress. The dress has a square neckline and short sleeves with puff sleeves. It has a tie waist and a slit on the side, creating a flattering silhouette. The woman is standing in front of a plain beige background and is posing with one hand on her hip and the other hand resting on her thigh. She is wearing strappy heels and has long dark hair styled in loose waves. The overall look is"", ""graphical_treatment"": ""The image shows a young woman wearing a long, red dress. The dress has a square neckline and short sleeves with puff sleeves. It has a tie waist and a slit on the side, creating a flattering silhouette. The woman is standing in front of a plain beige background and is posing with one hand on her hip and the other hand resting on her thigh. She is wearing strappy heels and has long dark hair styled in loose waves. The overall look is""}",true,true,true,false,0.7785730004310608
Ladieswear || Dress || Dresses Ladies || Red || Solid,data\generated\n9\ladieswear_dress_dresses-ladies_red_solid\s0.25_seed42.png,0.25,42,25,0.8575621008872986,0.6843606078624725,0.9505268812179566,0.8402593493461609,true,0.9080625772476196,0.7855221033096313,0.9740213394165039,0.9010064125061035,true,true,0.7855221033096313,0.7542705535888672,true,0.2833333333333333,false,"{""product_type"": ""Dress."", ""colour_family"": ""Orange."", ""graphical_treatment"": ""Striped.""}",NY,false,true,0.5666666666666667,true,"{""product_type"": ""The image is of a red and white striped dress. The dress has a round neckline and long sleeves with puff sleeves. The skirt of the dress is flared and falls below the knees. It has a belt tied in a bow at the waist, creating a flattering silhouette. The stripes are vertical and the dress appears to be made of a lightweight fabric. The background is a plain beige color."", ""colour_family"": ""The image is of a red and white striped dress. The dress has a round neckline and long sleeves with puff sleeves. The skirt of the dress is flared and falls below the knees. It has a belt tied in a bow at the waist, creating a flattering silhouette. The stripes are vertical and the dress appears to be made of a lightweight fabric. The background is a plain beige color."", ""graphical_treatment"": ""The image is of a red and white striped dress. The dress has a round neckline and long sleeves with puff sleeves. The skirt of the dress is flared and falls below the knees. It has a belt tied in a bow at the waist, creating a flattering silhouette. The stripes are vertical and the dress appears to be made of a lightweight fabric. The background is a plain beige color.""}",false,false,true,true,0.7785730004310608
Ladieswear || Dress || Dresses Ladies || Red || Solid,data\generated\n9\ladieswear_dress_dresses-ladies_red_solid\s0.25_seed43.png,0.25,43,25,0.7930394649505615,0.41268442511558534,0.9505268812179566,0.8402593493461609,true,0.8367794156074524,0.5425696969032288,0.9740213394165039,0.9010064125061035,true,true,0.5425696969032288,0.7542705535888672,false,0.85,true,"{""product_type"": ""Dress."", ""colour_family"": ""Red."", ""graphical_treatment"": ""Solid.""}",YY,true,true,0.5666666666666667,true,"{""product_type"": ""The image shows a young woman wearing a long, red dress. The dress has a square neckline with puff sleeves and a belt cinching the waist. The skirt of the dress is full and flows down to the floor. The woman is standing in front of a plain grey background and is posing with one hand on her hip and the other hand resting on her thigh. She has long dark hair and is wearing strappy heels. She is looking directly at the camera"", ""colour_family"": ""The image shows a young woman wearing a long, red dress. The dress has a square neckline with puff sleeves and a belt cinching the waist. The skirt of the dress is full and flows down to the floor. The woman is standing in front of a plain grey background and is posing with one hand on her hip and the other hand resting on her thigh. She has long dark hair and is wearing strappy heels. She is looking directly at the camera"", ""graphical_treatment"": ""The image shows a young woman wearing a long, red dress. The dress has a square neckline with puff sleeves and a belt cinching the waist. The skirt of the dress is full and flows down to the floor. The woman is standing in front of a plain grey background and is posing with one hand on her hip and the other hand resting on her thigh. She has long dark hair and is wearing strappy heels. She is looking directly at the camera""}",true,true,true,false,0.7785730004310608
Ladieswear || Dress || Dresses Ladies || Red || Solid,data\generated\n9\ladieswear_dress_dresses-ladies_red_solid\s0.35_seed42.png,0.35,42,25,0.8352795743942261,0.6613510417938232,0.9505268812179566,0.8402593493461609,true,0.8937718272209167,0.7506771087646484,0.9740213394165039,0.9010064125061035,true,true,0.7506771087646484,0.7542705535888672,false,0.2833333333333333,false,"{""product_type"": ""Dress."", ""colour_family"": ""Orange."", ""graphical_treatment"": ""Striped.""}",YY,true,true,0.5666666666666667,true,"{""product_type"": ""The image is of a red and white striped dress. The dress has a square neckline with puff sleeves and a belt cinching the waist. The stripes are vertical and run horizontally across the dress, creating a striped pattern. The skirt of the dress is flared and falls below the knees. The fabric appears to be lightweight and flowy, perfect for a summer day."", ""colour_family"": ""The image is of a red and white striped dress. The dress has a square neckline with puff sleeves and a belt cinching the waist. The stripes are vertical and run horizontally across the dress, creating a striped pattern. The skirt of the dress is flared and falls below the knees. The fabric appears to be lightweight and flowy, perfect for a summer day."", ""graphical_treatment"": ""The image is of a red and white striped dress. The dress has a square neckline with puff sleeves and a belt cinching the waist. The stripes are vertical and run horizontally across the dress, creating a striped pattern. The skirt of the dress is flared and falls below the knees. The fabric appears to be lightweight and flowy, perfect for a summer day.""}",false,true,true,false,0.7785730004310608
Ladieswear || Dress || Dresses Ladies || Red || Solid,data\generated\n9\ladieswear_dress_dresses-ladies_red_solid\s0.35_seed43.png,0.35,43,25,0.8558828902244567,0.7038336169719696,0.9505268812179566,0.8402593493461609,true,0.9130187034606934,0.8365831971168518,0.9740213394165039,0.9010064125061035,true,true,0.8365831971168518,0.7542705535888672,true,0.85,true,"{""product_type"": ""Dress."", ""colour_family"": ""Red."", ""graphical_treatment"": ""Solid.""}",YY,true,true,0.5666666666666667,true,"{""product_type"": ""The image shows a red dress hanging on a wooden hanger against a plain white background. The dress has a square neckline with puff sleeves and a tie waist at the waist. It appears to be made of a lightweight fabric and has a flowy skirt that falls to the floor. The hanger is made of wood and is attached to the hanger with a hook."", ""colour_family"": ""The image shows a red dress hanging on a wooden hanger against a plain white background. The dress has a square neckline with puff sleeves and a tie waist at the waist. It appears to be made of a lightweight fabric and has a flowy skirt that falls to the floor. The hanger is made of wood and is attached to the hanger with a hook."", ""graphical_treatment"": ""The image shows a red dress hanging on a wooden hanger against a plain white background. The dress has a square neckline with puff sleeves and a tie waist at the waist. It appears to be made of a lightweight fabric and has a flowy skirt that falls to the floor. The hanger is made of wood and is attached to the hanger with a hook.""}",true,true,true,true,0.7785730004310608
Ladieswear || Dress || Dresses Ladies || Red || Solid,data\generated\n9\ladieswear_dress_dresses-ladies_red_solid\s0.35_seed44.png,0.35,44,25,0.8813449549674988,0.7232677972316742,0.9505268812179566,0.8402593493461609,true,0.9366931915283203,0.8472558259963989,0.9740213394165039,0.9010064125061035,true,true,0.8472558259963989,0.7542705535888672,true,0.85,true,"{""product_type"": ""Dress."", ""colour_family"": ""Red."", ""graphical_treatment"": ""Solid.""}",YY,true,true,0.5666666666666667,true,"{""product_type"": ""The image shows a red midi dress with puff sleeves and a tie waist. The dress is made of a lightweight fabric and has a flowy silhouette. It has a square neckline and short sleeves that are gathered at the shoulders. The waistline is cinched with a belt that is tied in a bow at the waist, creating a flattering silhouette. The skirt of the dress is flared and falls below the knees. The background is a plain grey color."", ""colour_family"": ""The image shows a red midi dress with puff sleeves and a tie waist. The dress is made of a lightweight fabric and has a flowy silhouette. It has a square neckline and short sleeves that are gathered at the shoulders. The waistline is cinched with a belt that is tied in a bow at the waist, creating a flattering silhouette. The skirt of the dress is flared and falls below the knees. The background is a plain grey color."", ""graphical_treatment"": ""The image shows a red midi dress with puff sleeves and a tie waist. The dress is made of a lightweight fabric and has a flowy silhouette. It has a square neckline and short sleeves that are gathered at the shoulders. The waistline is cinched with a belt that is tied in a bow at the waist, creating a flattering silhouette. The skirt of the dress is flared and falls below the knees. The background is a plain grey color.""}",true,true,true,true,0.7785730004310608
Ladieswear || Dress || Dresses Ladies || Red || Solid,data\generated\n9\ladieswear_dress_dresses-ladies_red_solid\s0.35_seed45.png,0.35,45,25,0.8421028065681457,0.7083615016937256,0.9505268812179566,0.8402593493461609,true,0.8933683037757874,0.8113002181053162,0.9740213394165039,0.9010064125061035,true,true,0.8113002181053162,0.7542705535888672,true,0.5666666666666667,true,"{""product_type"": ""Dress."", ""colour_family"": ""Orange."", ""graphical_treatment"": ""Solid.""}",YY,true,true,0.5666666666666667,true,"{""product_type"": ""The image is of a pink dress with a square neckline and puff sleeves. The dress has a tie waist at the waist, creating a flattering silhouette. The skirt of the dress is flared and falls below the knees. The fabric appears to be lightweight and flowy, with a subtle sheen. The waistline is cinched with a thin belt, adding a touch of elegance to the dress. The overall look is elegant and feminine."", ""colour_family"": ""The image is of a pink dress with a square neckline and puff sleeves. The dress has a tie waist at the waist, creating a flattering silhouette. The skirt of the dress is flared and falls below the knees. The fabric appears to be lightweight and flowy, with a subtle sheen. The waistline is cinched with a thin belt, adding a touch of elegance to the dress. The overall look is elegant and feminine."", ""graphical_treatment"": ""The image is of a pink dress with a square neckline and puff sleeves. The dress has a tie waist at the waist, creating a flattering silhouette. The skirt of the dress is flared and falls below the knees. The fabric appears to be lightweight and flowy, with a subtle sheen. The waistline is cinched with a thin belt, adding a touch of elegance to the dress. The overall look is elegant and feminine.""}",true,true,true,true,0.7785730004310608
Ladieswear || Dress || Dresses Ladies || Red || Solid,data\generated\n9\ladieswear_dress_dresses-ladies_red_solid\s0.35_seed46.png,0.35,46,25,0.845757827758789,0.4366015756130219,0.9505268812179566,0.8402593493461609,true,0.8894250988960266,0.5537752509117126,0.9740213394165039,0.9010064125061035,true,true,0.5537752509117126,0.7542705535888672,false,0.85,true,"{""product_type"": ""Dress."", ""colour_family"": ""Red."", ""graphical_treatment"": ""Solid.""}",YY,true,true,0.5666666666666667,true,"{""product_type"": ""The image shows a red dress on a mannequin stand. The dress has a square neckline and short sleeves with puff sleeves. It has a belt tied around the waist, creating a flattering silhouette. The skirt of the dress is knee-length and falls below the knees. The mannequins are standing on a black metal stand with a white background."", ""colour_family"": ""The image shows a red dress on a mannequin stand. The dress has a square neckline and short sleeves with puff sleeves. It has a belt tied around the waist, creating a flattering silhouette. The skirt of the dress is knee-length and falls below the knees. The mannequins are standing on a black metal stand with a white background."", ""graphical_treatment"": ""The image shows a red dress on a mannequin stand. The dress has a square neckline and short sleeves with puff sleeves. It has a belt tied around the waist, creating a flattering silhouette. The skirt of the dress is knee-length and falls below the knees. The mannequins are standing on a black metal stand with a white background.""}",true,true,true,false,0.7785730004310608
Ladieswear || Dress || Dresses Ladies || Red || Solid,data\generated\n9\ladieswear_dress_dresses-ladies_red_solid\s0.35_seed47.png,0.35,47,25,0.8681935906410218,0.7404106879234313,0.9505268812179566,0.8402593493461609,true,0.918853223323822,0.8500533699989319,0.9740213394165039,0.9010064125061035,true,true,0.8500533699989319,0.7542705535888672,true,0.5666666666666667,true,"{""product_type"": ""Dress."", ""colour_family"": ""Orange."", ""graphical_treatment"": ""Solid.""}",YY,true,true,0.5666666666666667,true,"{""product_type"": ""The image is of a red dress with puff sleeves. The dress has a square neckline and a tie waist at the waist. The skirt of the dress is flared and falls below the knees. The fabric appears to be lightweight and flowy, with a subtle sheen. The sleeves are gathered at the shoulders, creating a flattering silhouette. The waistline is cinched with a thin belt, adding a touch of elegance to the dress. The background is a plain"", ""colour_family"": ""The image is of a red dress with puff sleeves. The dress has a square neckline and a tie waist at the waist. The skirt of the dress is flared and falls below the knees. The fabric appears to be lightweight and flowy, with a subtle sheen. The sleeves are gathered at the shoulders, creating a flattering silhouette. The waistline is cinched with a thin belt, adding a touch of elegance to the dress. The background is a plain"", ""graphical_treatment"": ""The image is of a red dress with puff sleeves. The dress has a square neckline and a tie waist at the waist. The skirt of the dress is flared and falls below the knees. The fabric appears to be lightweight and flowy, with a subtle sheen. The sleeves are gathered at the shoulders, creating a flattering silhouette. The waistline is cinched with a thin belt, adding a touch of elegance to the dress. The background is a plain""}",true,true,true,true,0.7785730004310608
Ladieswear || Dress || Dresses Ladies || Red || Solid,data\generated\n9\ladieswear_dress_dresses-ladies_red_solid\s0.35_seed48.png,0.35,48,25,0.8126577281951904,0.36239748895168306,0.9505268812179566,0.8402593493461609,true,0.8515791296958923,0.4970921277999878,0.9740213394165039,0.9010064125061035,true,true,0.4970921277999878,0.7542705535888672,false,0.85,true,"{""product_type"": ""Dress."", ""colour_family"": ""Red."", ""graphical_treatment"": ""Solid.""}",YY,true,true,0.5666666666666667,true,"{""product_type"": ""The image shows a young woman wearing a red midi dress. The dress has a square neckline with puff sleeves and a tie waist at the waist. The skirt of the dress is knee-length and falls below the knees. The woman is wearing strappy heels and has long brown hair styled in loose waves. She is standing in front of a plain grey background and is smiling at the camera."", ""colour_family"": ""The image shows a young woman wearing a red midi dress. The dress has a square neckline with puff sleeves and a tie waist at the waist. The skirt of the dress is knee-length and falls below the knees. The woman is wearing strappy heels and has long brown hair styled in loose waves. She is standing in front of a plain grey background and is smiling at the camera."", ""graphical_treatment"": ""The image shows a young woman wearing a red midi dress. The dress has a square neckline with puff sleeves and a tie waist at the waist. The skirt of the dress is knee-length and falls below the knees. The woman is wearing strappy heels and has long brown hair styled in loose waves. She is standing in front of a plain grey background and is smiling at the camera.""}",true,true,true,false,0.7785730004310608
Ladieswear || Dress || Dresses Ladies || Red || Solid,data\generated\n9\ladieswear_dress_dresses-ladies_red_solid\s0.35_seed49.png,0.35,49,25,0.7691453838348389,0.3091214621067047,0.9505268812179566,0.8402593493461609,true,0.8260425329208374,0.45246654748916626,0.9740213394165039,0.9010064125061035,true,true,0.45246654748916626,0.7542705535888672,false,0.5666666666666667,true,"{""product_type"": ""Dress."", ""colour_family"": ""White."", ""graphical_treatment"": ""Solid.""}",YY,true,true,0.2833333333333333,false,"{""product_type"": ""The image shows a woman wearing a white midi dress. The dress has a square neckline and short sleeves with puff sleeves. It is cinched at the waist with a belt, creating a flattering silhouette. The woman is standing in front of a plain beige background and is wearing gold high heels. She has her hands on her hips and is looking directly at the camera."", ""colour_family"": ""The image shows a woman wearing a white midi dress. The dress has a square neckline and short sleeves with puff sleeves. It is cinched at the waist with a belt, creating a flattering silhouette. The woman is standing in front of a plain beige background and is wearing gold high heels. She has her hands on her hips and is looking directly at the camera."", ""graphical_treatment"": ""The image shows a woman wearing a white midi dress. The dress has a square neckline and short sleeves with puff sleeves. It is cinched at the waist with a belt, creating a flattering silhouette. The woman is standing in front of a plain beige background and is wearing gold high heels. She has her hands on her hips and is looking directly at the camera.""}",true,true,false,false,0.7785730004310608
Ladieswear || Dress || Dresses Ladies || Red || Solid,data\generated\n9\ladieswear_dress_dresses-ladies_red_solid\s0.45_seed42.png,0.45,42,25,0.8389585375785827,0.653334630727768,0.9505268812179566,0.8402593493461609,true,0.8983967304229736,0.7648460268974304,0.9740213394165039,0.9010064125061035,true,true,0.7648460268974304,0.7542705535888672,false,0.2833333333333333,false,"{""product_type"": ""Dress."", ""colour_family"": ""Orange."", ""graphical_treatment"": ""Striped.""}",YY,true,true,0.5666666666666667,true,"{""product_type"": ""The image is of a red and white striped dress. The dress has a square neckline with short puff sleeves and a tie waist at the waist. The stripes are vertical and the dress appears to be made of a lightweight fabric. The waistline is cinched with a white ribbon, creating a tie-around effect. The skirt of the dress is flared and falls below the knees. The overall style is casual and feminine."", ""colour_family"": ""The image is of a red and white striped dress. The dress has a square neckline with short puff sleeves and a tie waist at the waist. The stripes are vertical and the dress appears to be made of a lightweight fabric. The waistline is cinched with a white ribbon, creating a tie-around effect. The skirt of the dress is flared and falls below the knees. The overall style is casual and feminine."", ""graphical_treatment"": ""The image is of a red and white striped dress. The dress has a square neckline with short puff sleeves and a tie waist at the waist. The stripes are vertical and the dress appears to be made of a lightweight fabric. The waistline is cinched with a white ribbon, creating a tie-around effect. The skirt of the dress is flared and falls below the knees. The overall style is casual and feminine.""}",false,true,true,true,0.7785730004310608
Ladieswear || Dress || Dresses Ladies || Red || Solid,data\generated\n9\ladieswear_dress_dresses-ladies_red_solid\s0.45_seed43.png,0.45,43,25,0.8877970123291016,0.7314234483242035,0.9505268812179566,0.8402593493461609,true,0.9272428750991821,0.8611915707588196,0.9740213394165039,0.9010064125061035,true,true,0.8611915707588196,0.7542705535888672,true,0.5666666666666667,true,"{""product_type"": ""Dress."", ""colour_family"": ""Orange."", ""graphical_treatment"": ""Solid.""}",YY,true,true,0.5666666666666667,true,"{""product_type"": ""The image shows a long, red dress hanging on a wooden hanger against a plain white background. The dress has a round neckline and short sleeves with puff sleeves on the shoulders. It has a tie waist at the waist, creating a flattering silhouette. The skirt of the dress is full and flows down to the floor. The fabric appears to be lightweight and flowy, with a subtle sheen."", ""colour_family"": ""The image shows a long, red dress hanging on a wooden hanger against a plain white background. The dress has a round neckline and short sleeves with puff sleeves on the shoulders. It has a tie waist at the waist, creating a flattering silhouette. The skirt of the dress is full and flows down to the floor. The fabric appears to be lightweight and flowy, with a subtle sheen."", ""graphical_treatment"": ""The image shows a long, red dress hanging on a wooden hanger against a plain white background. The dress has a round neckline and short sleeves with puff sleeves on the shoulders. It has a tie waist at the waist, creating a flattering silhouette. The skirt of the dress is full and flows down to the floor. The fabric appears to be lightweight and flowy, with a subtle sheen.""}",true,true,true,true,0.7785730004310608
Ladieswear || Bikini top || Swimwear || Orange || All over pattern,data\generated\n9\ladieswear_bikini-top_swimwear_orange_all-over-pattern\s0.35_seed42.png,0.35,42,8,0.8396900147199631,0.719783641397953,0.8952780187129974,0.8467449009418487,true,0.8836827278137207,0.8309100866317749,0.9201377630233765,0.9152873754501343,true,true,0.8309100866317749,0.6621219038963317,true,0.2833333333333333,false,"{""product_type"": ""Bikini."", ""colour_family"": ""Orange."", ""graphical_treatment"": ""Polka dot.""}",YN,false,true,0.5736111111111111,true,"{""product_type"": ""The image is of a bikini top and bottom. The top is a halter style with a triangle neckline and thin straps. The straps are tied in a knot at the top, creating a tie-back effect. The bikini top is made of a bright orange fabric with a white geometric pattern. The bottom is a matching orange and white pattern with a ruffled hemline. There is also a small orange tassel hanging from the top. The background is"", ""colour_family"": ""The image is of a bikini top and bottom. The top is a halter style with a triangle neckline and thin straps. The straps are tied in a knot at the top, creating a tie-back effect. The bikini top is made of a bright orange fabric with a white geometric pattern. The bottom is a matching orange and white pattern with a ruffled hemline. There is also a small orange tassel hanging from the top. The background is"", ""graphical_treatment"": ""The image is of a bikini top and bottom. The top is a halter style with a triangle neckline and thin straps. The straps are tied in a knot at the top, creating a tie-back effect. The bikini top is made of a bright orange fabric with a white geometric pattern. The bottom is a matching orange and white pattern with a ruffled hemline. There is also a small orange tassel hanging from the top. The background is""}",false,false,true,true,0.7785730004310608
Ladieswear || Bikini top || Swimwear || Orange || All over pattern,data\generated\n9\ladieswear_bikini-top_swimwear_orange_all-over-pattern\s0.35_seed43.png,0.35,43,8,0.821790300309658,0.6743687503039837,0.8952780187129974,0.8467449009418487,true,0.8828696012496948,0.8032262325286865,0.9201377630233765,0.9152873754501343,true,true,0.8032262325286865,0.6621219038963317,true,0.2833333333333333,false,"{""product_type"": ""Bikini."", ""colour_family"": ""Orange."", ""graphical_treatment"": ""Floral.""}",YN,false,true,0.5666666666666667,true,"{""product_type"": ""The image is of a bikini top with an orange and white geometric pattern. The bikini top has a halter neckline with a tie at the front, creating a tie-up detail. The straps of the bikini top are tied in a bow at the back, adding a touch of elegance to the design. The fabric appears to be lightweight and breathable, making it perfect for a day at the beach or pool. The background is a plain grey color, making the"", ""colour_family"": ""The image is of a bikini top with an orange and white geometric pattern. The bikini top has a halter neckline with a tie at the front, creating a tie-up detail. The straps of the bikini top are tied in a bow at the back, adding a touch of elegance to the design. The fabric appears to be lightweight and breathable, making it perfect for a day at the beach or pool. The background is a plain grey color, making the"", ""graphical_treatment"": ""The image is of a bikini top with an orange and white geometric pattern. The bikini top has a halter neckline with a tie at the front, creating a tie-up detail. The straps of the bikini top are tied in a bow at the back, adding a touch of elegance to the design. The fabric appears to be lightweight and breathable, making it perfect for a day at the beach or pool. The background is a plain grey color, making the""}",false,false,true,true,0.7785730004310608
Ladieswear || Bikini top || Swimwear || Orange || All over pattern,data\generated\n9\ladieswear_bikini-top_swimwear_orange_all-over-pattern\s0.35_seed44.png,0.35,44,8,0.8326266780495644,0.7341405376791954,0.8952780187129974,0.8467449009418487,true,0.8748862147331238,0.8534458875656128,0.9201377630233765,0.9152873754501343,true,true,0.8534458875656128,0.6621219038963317,true,0.2833333333333333,false,"{""product_type"": ""Bikini."", ""colour_family"": ""Orange."", ""graphical_treatment"": ""Checked.""}",YY,true,true,0.5729559748427673,true,"{""product_type"": ""The image is of a bikini top in an orange color with a geometric pattern. The top has a halter neckline with a tie at the top, creating a tie-back detail. The pattern is made up of small white triangles arranged in a repeating geometric design. The straps of the top are tied in a bow at the back, adding a touch of elegance to the overall look. The fabric appears to be lightweight and comfortable, perfect for a day at the beach"", ""colour_family"": ""The image is of a bikini top in an orange color with a geometric pattern. The top has a halter neckline with a tie at the top, creating a tie-back detail. The pattern is made up of small white triangles arranged in a repeating geometric design. The straps of the top are tied in a bow at the back, adding a touch of elegance to the overall look. The fabric appears to be lightweight and comfortable, perfect for a day at the beach"", ""graphical_treatment"": ""The image is of a bikini top in an orange color with a geometric pattern. The top has a halter neckline with a tie at the top, creating a tie-back detail. The pattern is made up of small white triangles arranged in a repeating geometric design. The straps of the top are tied in a bow at the back, adding a touch of elegance to the overall look. The fabric appears to be lightweight and comfortable, perfect for a day at the beach""}",false,true,true,true,0.7785730004310608
Ladieswear || Bikini top || Swimwear || Orange || All over pattern,data\generated\n9\ladieswear_bikini-top_swimwear_orange_all-over-pattern\s0.35_seed45.png,0.35,45,8,0.8164185211062431,0.6907348930835724,0.8952780187129974,0.8467449009418487,true,0.8659848570823669,0.8670165538787842,0.9201377630233765,0.9152873754501343,true,true,0.8670165538787842,0.6621219038963317,true,0.2833333333333333,false,"{""product_type"": ""Bikini."", ""colour_family"": ""Orange."", ""graphical_treatment"": ""Checkered.""}",NN,false,true,0.573758865248227,true,"{""product_type"": ""The image is of a bikini top with an orange and white geometric pattern. The top has a halter neckline with a tie at the top, creating a bow-like effect. The straps of the top are tied in a knot at the back, and the fabric appears to be made of a lightweight, breathable fabric. The pattern is made up of small, repeating geometric shapes in a repeating orange color. The bottom of the bikini top is plain white, with"", ""colour_family"": ""The image is of a bikini top with an orange and white geometric pattern. The top has a halter neckline with a tie at the top, creating a bow-like effect. The straps of the top are tied in a knot at the back, and the fabric appears to be made of a lightweight, breathable fabric. The pattern is made up of small, repeating geometric shapes in a repeating orange color. The bottom of the bikini top is plain white, with"", ""graphical_treatment"": ""The image is of a bikini top with an orange and white geometric pattern. The top has a halter neckline with a tie at the top, creating a bow-like effect. The straps of the top are tied in a knot at the back, and the fabric appears to be made of a lightweight, breathable fabric. The pattern is made up of small, repeating geometric shapes in a repeating orange color. The bottom of the bikini top is plain white, with""}",false,false,true,true,0.7785730004310608
Ladieswear || Bikini top || Swimwear || Orange || All over pattern,data\generated\n9\ladieswear_bikini-top_swimwear_orange_all-over-pattern\s0.35_seed46.png,0.35,46,8,0.823414996266365,0.7305130138993263,0.8952780187129974,0.8467449009418487,true,0.8828526139259338,0.9070619940757751,0.9201377630233765,0.9152873754501343,true,true,0.9070619940757751,0.6621219038963317,true,0.2833333333333333,false,"{""product_type"": ""Bikini."", ""colour_family"": ""Orange."", ""graphical_treatment"": ""Melange.""}",YY,true,true,0.5666666666666667,true,"{""product_type"": ""The image is of a bikini top and bottom. The bikini top is a triangle style with a halter neckline and thin straps. The straps are tied in a bow at the top, creating a tie-up effect. The top is made of a textured fabric with an orange and white geometric pattern. The bottom is a matching bikini bottom with a tie at the bottom. Both the top and the bottom are made of the same fabric. The background is plain white"", ""colour_family"": ""The image is of a bikini top and bottom. The bikini top is a triangle style with a halter neckline and thin straps. The straps are tied in a bow at the top, creating a tie-up effect. The top is made of a textured fabric with an orange and white geometric pattern. The bottom is a matching bikini bottom with a tie at the bottom. Both the top and the bottom are made of the same fabric. The background is plain white"", ""graphical_treatment"": ""The image is of a bikini top and bottom. The bikini top is a triangle style with a halter neckline and thin straps. The straps are tied in a bow at the top, creating a tie-up effect. The top is made of a textured fabric with an orange and white geometric pattern. The bottom is a matching bikini bottom with a tie at the bottom. Both the top and the bottom are made of the same fabric. The background is plain white""}",false,true,true,true,0.7785730004310608
Ladieswear || Bikini top || Swimwear || Orange || All over pattern,data\generated\n9\ladieswear_bikini-top_swimwear_orange_all-over-pattern\s0.35_seed47.png,0.35,47,8,0.8260319158434868,0.7047419771552086,0.8952780187129974,0.8467449009418487,true,0.8617041110992432,0.8880497813224792,0.9201377630233765,0.9152873754501343,true,true,0.8880497813224792,0.6621219038963317,true,0.2833333333333333,false,"{""product_type"": ""Bikini."", ""colour_family"": ""Orange."", ""graphical_treatment"": ""Melange.""}",YY,true,true,0.5728395061728395,true,"{""product_type"": ""The image is of a bikini top. The top is a triangle style with a halter neckline and thin straps. The straps are tied in a bow at the top, creating a tie-back effect. The fabric is a bright orange color with a black and white geometric pattern. The pattern appears to be made up of small squares and rectangles, giving the top a unique and eye-catching look. The bikini bottom is also orange and has a similar geometric pattern"", ""colour_family"": ""The image is of a bikini top. The top is a triangle style with a halter neckline and thin straps. The straps are tied in a bow at the top, creating a tie-back effect. The fabric is a bright orange color with a black and white geometric pattern. The pattern appears to be made up of small squares and rectangles, giving the top a unique and eye-catching look. The bikini bottom is also orange and has a similar geometric pattern"", ""graphical_treatment"": ""The image is of a bikini top. The top is a triangle style with a halter neckline and thin straps. The straps are tied in a bow at the top, creating a tie-back effect. The fabric is a bright orange color with a black and white geometric pattern. The pattern appears to be made up of small squares and rectangles, giving the top a unique and eye-catching look. The bikini bottom is also orange and has a similar geometric pattern""}",false,true,true,true,0.7785730004310608
Ladieswear || Bikini top || Swimwear || Orange || All over pattern,data\generated\n9\ladieswear_bikini-top_swimwear_orange_all-over-pattern\s0.35_seed48.png,0.35,48,8,0.8381967544555664,0.7157151140272617,0.8952780187129974,0.8467449009418487,true,0.8713682889938354,0.8488033413887024,0.9201377630233765,0.9152873754501343,true,true,0.8488033413887024,0.6621219038963317,true,0.2833333333333333,false,"{""product_type"": ""Bikini."", ""colour_family"": ""Orange."", ""graphical_treatment"": ""ORIGINAL.""}",YY,true,true,0.573758865248227,true,"{""product_type"": ""The image is of a bikini top with a halter neckline. The top is made of a bright orange fabric with an orange and white geometric pattern. The pattern is made up of small white triangles arranged in a zigzag-like design. The straps of the top are tied in a knot at the top, creating a tie-back effect. The bottom of the bikini top has a white trim around the edges. The background is plain white."", ""colour_family"": ""The image is of a bikini top with a halter neckline. The top is made of a bright orange fabric with an orange and white geometric pattern. The pattern is made up of small white triangles arranged in a zigzag-like design. The straps of the top are tied in a knot at the top, creating a tie-back effect. The bottom of the bikini top has a white trim around the edges. The background is plain white."", ""graphical_treatment"": ""The image is of a bikini top with a halter neckline. The top is made of a bright orange fabric with an orange and white geometric pattern. The pattern is made up of small white triangles arranged in a zigzag-like design. The straps of the top are tied in a knot at the top, creating a tie-back effect. The bottom of the bikini top has a white trim around the edges. The background is plain white.""}",false,true,true,true,0.7785730004310608
Ladieswear || Bikini top || Swimwear || Orange || All over pattern,data\generated\n9\ladieswear_bikini-top_swimwear_orange_all-over-pattern\s0.35_seed49.png,0.35,49,8,0.8367244005203247,0.7317910864949226,0.8952780187129974,0.8467449009418487,true,0.8568577170372009,0.8846424221992493,0.9201377630233765,0.9152873754501343,true,true,0.8846424221992493,0.6621219038963317,true,0.2833333333333333,false,"{""product_type"": ""Brimbelt."", ""colour_family"": ""Orange."", ""graphical_treatment"": ""Floral.""}",YN,false,true,0.573758865248227,true,"{""product_type"": ""The image is of a bikini top. The top is a halter style with a tie at the neckline. It is made of a fabric with an orange and white geometric pattern. The pattern is made up of small white triangles arranged in a zigzag-like design. The straps of the top are tied in a bow at the back, creating a flattering silhouette. The bikini top appears to be new and unused."", ""colour_family"": ""The image is of a bikini top. The top is a halter style with a tie at the neckline. It is made of a fabric with an orange and white geometric pattern. The pattern is made up of small white triangles arranged in a zigzag-like design. The straps of the top are tied in a bow at the back, creating a flattering silhouette. The bikini top appears to be new and unused."", ""graphical_treatment"": ""The image is of a bikini top. The top is a halter style with a tie at the neckline. It is made of a fabric with an orange and white geometric pattern. The pattern is made up of small white triangles arranged in a zigzag-like design. The straps of the top are tied in a bow at the back, creating a flattering silhouette. The bikini top appears to be new and unused.""}",false,false,true,true,0.7785730004310608
Ladieswear || Top || Jersey Basic || White || Solid,data\generated\n9\ladieswear_top_jersey-basic_white_solid\s0.15_seed42.png,0.15,42,19,0.7938323271901984,0.46876110058081777,0.9771104454994202,0.9279783368110657,true,0.8329768180847168,0.56040358543396,0.9863542199134827,0.9559211373329163,true,true,0.56040358543396,0.9222480177879333,false,0.5666666666666667,true,"{""product_type"": ""Sweater."", ""colour_family"": ""White."", ""graphical_treatment"": ""Solid.""}",YN,false,true,0.5666666666666667,true,"{""product_type"": ""The image is of a white off-the-shoulder top with long sleeves. The top has a square neckline and a ribbed texture. The sleeves are long and flowy, with a slight flare at the ends. The fabric appears to be lightweight and has a subtle sheen. The background is a plain grey color, making the top stand out."", ""colour_family"": ""The image is of a white off-the-shoulder top with long sleeves. The top has a square neckline and a ribbed texture. The sleeves are long and flowy, with a slight flare at the ends. The fabric appears to be lightweight and has a subtle sheen. The background is a plain grey color, making the top stand out."", ""graphical_treatment"": ""The image is of a white off-the-shoulder top with long sleeves. The top has a square neckline and a ribbed texture. The sleeves are long and flowy, with a slight flare at the ends. The fabric appears to be lightweight and has a subtle sheen. The background is a plain grey color, making the top stand out.""}",true,false,true,false,0.7785730004310608
Ladieswear || Top || Jersey Basic || White || Solid,data\generated\n9\ladieswear_top_jersey-basic_white_solid\s0.15_seed43.png,0.15,43,19,0.554898528676284,0.0915621499481954,0.9771104454994202,0.9279783368110657,true,0.5774402022361755,0.1394922137260437,0.9863542199134827,0.9559211373329163,true,true,0.1394922137260437,0.9222480177879333,false,0.5666666666666667,true,"{""product_type"": ""Sweater."", ""colour_family"": ""White."", ""graphical_treatment"": ""Solid.""}",YN,false,true,0.5666666666666667,true,"{""product_type"": ""The image is a portrait of a young woman posing in a studio. She is wearing a white long-sleeved top with a square neckline and puff sleeves. The top is made of a ribbed knit fabric and has a high-waisted fit. The woman is also wearing a pair of beige high-rise trousers. She has long dark hair styled in loose waves and is wearing large hoop earrings. The background is a plain white wall. The"", ""colour_family"": ""The image is a portrait of a young woman posing in a studio. She is wearing a white long-sleeved top with a square neckline and puff sleeves. The top is made of a ribbed knit fabric and has a high-waisted fit. The woman is also wearing a pair of beige high-rise trousers. She has long dark hair styled in loose waves and is wearing large hoop earrings. The background is a plain white wall. The"", ""graphical_treatment"": ""The image is a portrait of a young woman posing in a studio. She is wearing a white long-sleeved top with a square neckline and puff sleeves. The top is made of a ribbed knit fabric and has a high-waisted fit. The woman is also wearing a pair of beige high-rise trousers. She has long dark hair styled in loose waves and is wearing large hoop earrings. The background is a plain white wall. The""}",true,false,true,false,0.7785730004310608
Ladieswear || Top || Jersey Basic || White || Solid,data\generated\n9\ladieswear_top_jersey-basic_white_solid\s0.25_seed42.png,0.25,42,19,0.8309658891276309,0.5368527911211315,0.9771104454994202,0.9279783368110657,true,0.8630070090293884,0.6239904165267944,0.9863542199134827,0.9559211373329163,true,true,0.6239904165267944,0.9222480177879333,false,0.85,true,"{""product_type"": ""Top."", ""colour_family"": ""White."", ""graphical_treatment"": ""Solid.""}",YN,false,true,0.2833333333333333,false,"{""product_type"": ""The image is of a white blouse with long sleeves. The blouse has a square neckline with thin straps that cross over the shoulders. The straps are tied in a bow at the back, creating a flattering silhouette. The fabric appears to be lightweight and has a ribbed texture. The sleeves are long and flowy, with a slight flare at the ends. The overall style of the blouse is casual and feminine."", ""colour_family"": ""The image is of a white blouse with long sleeves. The blouse has a square neckline with thin straps that cross over the shoulders. The straps are tied in a bow at the back, creating a flattering silhouette. The fabric appears to be lightweight and has a ribbed texture. The sleeves are long and flowy, with a slight flare at the ends. The overall style of the blouse is casual and feminine."", ""graphical_treatment"": ""The image is of a white blouse with long sleeves. The blouse has a square neckline with thin straps that cross over the shoulders. The straps are tied in a bow at the back, creating a flattering silhouette. The fabric appears to be lightweight and has a ribbed texture. The sleeves are long and flowy, with a slight flare at the ends. The overall style of the blouse is casual and feminine.""}",true,false,false,false,0.7785730004310608
Ladieswear || Top || Jersey Basic || White || Solid,data\generated\n9\ladieswear_top_jersey-basic_white_solid\s0.25_seed43.png,0.25,43,19,0.8778302042107833,0.6785599903056496,0.9771104454994202,0.9279783368110657,true,0.9006006717681885,0.7462077736854553,0.9863542199134827,0.9559211373329163,true,true,0.7462077736854553,0.9222480177879333,false,0.5666666666666667,true,"{""product_type"": ""Long sleeve shirt."", ""colour_family"": ""White."", ""graphical_treatment"": ""Solid.""}",YN,false,true,0.2833333333333333,false,"{""product_type"": ""The image shows a white blouse hanging on a wooden hanger. The blouse has a round neckline and long sleeves with a pleated design. The fabric appears to be lightweight and has a subtle sheen. The hanger is made of a light-colored wood and is hanging against a plain white background."", ""colour_family"": ""The image shows a white blouse hanging on a wooden hanger. The blouse has a round neckline and long sleeves with a pleated design. The fabric appears to be lightweight and has a subtle sheen. The hanger is made of a light-colored wood and is hanging against a plain white background."", ""graphical_treatment"": ""The image shows a white blouse hanging on a wooden hanger. The blouse has a round neckline and long sleeves with a pleated design. The fabric appears to be lightweight and has a subtle sheen. The hanger is made of a light-colored wood and is hanging against a plain white background.""}",true,false,false,false,0.7785730004310608
Ladieswear || Top || Jersey Basic || White || Solid,data\generated\n9\ladieswear_top_jersey-basic_white_solid\s0.35_seed42.png,0.35,42,19,0.8720328400009557,0.6210310019944844,0.9771104454994202,0.9279783368110657,true,0.901692807674408,0.733360767364502,0.9863542199134827,0.9559211373329163,true,true,0.733360767364502,0.9222480177879333,false,0.5666666666666667,true,"{""product_type"": ""Sweater."", ""colour_family"": ""White."", ""graphical_treatment"": ""Solid.""}",YN,false,true,0.2833333333333333,false,"{""product_type"": ""The image is of a white blouse with long sleeves. The blouse has a square neckline and a ribbed texture. The sleeves are long and flowy, with a slight flare at the ends. The fabric appears to be lightweight and has a subtle sheen. The background is plain white, making the blouse the focal point of the image."", ""colour_family"": ""The image is of a white blouse with long sleeves. The blouse has a square neckline and a ribbed texture. The sleeves are long and flowy, with a slight flare at the ends. The fabric appears to be lightweight and has a subtle sheen. The background is plain white, making the blouse the focal point of the image."", ""graphical_treatment"": ""The image is of a white blouse with long sleeves. The blouse has a square neckline and a ribbed texture. The sleeves are long and flowy, with a slight flare at the ends. The fabric appears to be lightweight and has a subtle sheen. The background is plain white, making the blouse the focal point of the image.""}",true,false,false,false,0.7785730004310608
Ladieswear || Top || Jersey Basic || White || Solid,data\generated\n9\ladieswear_top_jersey-basic_white_solid\s0.35_seed43.png,0.35,43,19,0.8827811542310213,0.7226602090032477,0.9771104454994202,0.9279783368110657,true,0.9087858200073242,0.7958366274833679,0.9863542199134827,0.9559211373329163,true,true,0.7958366274833679,0.9222480177879333,true,0.5666666666666667,true,"{""product_type"": ""Blanket."", ""colour_family"": ""White."", ""graphical_treatment"": ""Solid.""}",YN,false,true,0.2833333333333333,false,"{""product_type"": ""The image shows a white blouse hanging on a wooden hanger against a plain white background. The blouse has a round neckline and long sleeves with a slightly flared hemline. The fabric appears to be lightweight and has a subtle sheen. The hanger is made of a light-colored wood and is attached to the hanger with a hook."", ""colour_family"": ""The image shows a white blouse hanging on a wooden hanger against a plain white background. The blouse has a round neckline and long sleeves with a slightly flared hemline. The fabric appears to be lightweight and has a subtle sheen. The hanger is made of a light-colored wood and is attached to the hanger with a hook."", ""graphical_treatment"": ""The image shows a white blouse hanging on a wooden hanger against a plain white background. The blouse has a round neckline and long sleeves with a slightly flared hemline. The fabric appears to be lightweight and has a subtle sheen. The hanger is made of a light-colored wood and is attached to the hanger with a hook.""}",true,false,false,false,0.7785730004310608
Ladieswear || Top || Jersey Basic || White || Solid,data\generated\n9\ladieswear_top_jersey-basic_white_solid\s0.35_seed44.png,0.35,44,19,0.8776242952597769,0.8203501575871518,0.9771104454994202,0.9279783368110657,true,0.9057764410972595,0.8803855776786804,0.9863542199134827,0.9559211373329163,true,true,0.8803855776786804,0.9222480177879333,true,0.85,true,"{""product_type"": ""Long-sleeved top."", ""colour_family"": ""White."", ""graphical_treatment"": ""Solid.""}",YN,false,true,0.2833333333333333,false,"{""product_type"": ""The image shows a white blouse with long sleeves and a round neckline. The blouse is hanging on a black hanger against a plain white background. The neckline is cut out in the center of the blouse, creating a square shape. The sleeves are long and flowy, with a slight flare at the bottom. The fabric appears to be lightweight and has a subtle sheen."", ""colour_family"": ""The image shows a white blouse with long sleeves and a round neckline. The blouse is hanging on a black hanger against a plain white background. The neckline is cut out in the center of the blouse, creating a square shape. The sleeves are long and flowy, with a slight flare at the bottom. The fabric appears to be lightweight and has a subtle sheen."", ""graphical_treatment"": ""The image shows a white blouse with long sleeves and a round neckline. The blouse is hanging on a black hanger against a plain white background. The neckline is cut out in the center of the blouse, creating a square shape. The sleeves are long and flowy, with a slight flare at the bottom. The fabric appears to be lightweight and has a subtle sheen.""}",true,false,false,false,0.7785730004310608
Ladieswear || Top || Jersey Basic || White || Solid,data\generated\n9\ladieswear_top_jersey-basic_white_solid\s0.35_seed45.png,0.35,45,19,0.8522921988838598,0.7136246969825343,0.9771104454994202,0.9279783368110657,true,0.8844175934791565,0.7699008584022522,0.9863542199134827,0.9559211373329163,true,true,0.7699008584022522,0.9222480177879333,false,0.5666666666666667,true,"{""product_type"": ""Shirt."", ""colour_family"": ""White."", ""graphical_treatment"": ""Solid.""}",YY,true,true,0.2833333333333333,false,"{""product_type"": ""The image is of a white blouse with long sleeves and a round neckline. The blouse has a ribbed texture and appears to be made of a lightweight fabric. The neckline is cut out in the center, with a thin white ribbon tied around it. The sleeves are long and flowy, and the blouse is displayed on a plain white background."", ""colour_family"": ""The image is of a white blouse with long sleeves and a round neckline. The blouse has a ribbed texture and appears to be made of a lightweight fabric. The neckline is cut out in the center, with a thin white ribbon tied around it. The sleeves are long and flowy, and the blouse is displayed on a plain white background."", ""graphical_treatment"": ""The image is of a white blouse with long sleeves and a round neckline. The blouse has a ribbed texture and appears to be made of a lightweight fabric. The neckline is cut out in the center, with a thin white ribbon tied around it. The sleeves are long and flowy, and the blouse is displayed on a plain white background.""}",true,true,false,false,0.7785730004310608
Ladieswear || Top || Jersey Basic || White || Solid,data\generated\n9\ladieswear_top_jersey-basic_white_solid\s0.35_seed46.png,0.35,46,19,0.8975750772576583,0.7815710839472318,0.9771104454994202,0.9279783368110657,true,0.9270280003547668,0.8343356847763062,0.9863542199134827,0.9559211373329163,true,true,0.8343356847763062,0.9222480177879333,true,0.5666666666666667,true,"{""product_type"": ""Blouse."", ""colour_family"": ""White."", ""graphical_treatment"": ""Solid.""}",YN,false,true,0.2833333333333333,false,"{""product_type"": ""The image shows a white blouse hanging on a wooden hanger. The blouse has a round neckline and long sleeves with a button-down front. The fabric appears to be lightweight and has a subtle sheen. The hanger is made of a light-colored wood and is hanging against a plain white background."", ""colour_family"": ""The image shows a white blouse hanging on a wooden hanger. The blouse has a round neckline and long sleeves with a button-down front. The fabric appears to be lightweight and has a subtle sheen. The hanger is made of a light-colored wood and is hanging against a plain white background."", ""graphical_treatment"": ""The image shows a white blouse hanging on a wooden hanger. The blouse has a round neckline and long sleeves with a button-down front. The fabric appears to be lightweight and has a subtle sheen. The hanger is made of a light-colored wood and is hanging against a plain white background.""}",true,false,false,false,0.7785730004310608
Ladieswear || Top || Jersey Basic || White || Solid,data\generated\n9\ladieswear_top_jersey-basic_white_solid\s0.35_seed47.png,0.35,47,19,0.928885186973371,0.7712068996931377,0.9771104454994202,0.9279783368110657,true,0.9554510116577148,0.8281733989715576,0.9863542199134827,0.9559211373329163,true,true,0.8281733989715576,0.9222480177879333,true,0.85,true,"{""product_type"": ""Long sleeve top."", ""colour_family"": ""White."", ""graphical_treatment"": ""Solid.""}",YY,true,true,0.2833333333333333,false,"{""product_type"": ""The image is of a white blouse with long sleeves. The blouse has a round neckline and a pleated design on the front. The sleeves are long and flowy, and the blouse appears to be made of a lightweight fabric. The background is plain white, making the blouses the focal point of the image."", ""colour_family"": ""The image is of a white blouse with long sleeves. The blouse has a round neckline and a pleated design on the front. The sleeves are long and flowy, and the blouse appears to be made of a lightweight fabric. The background is plain white, making the blouses the focal point of the image."", ""graphical_treatment"": ""The image is of a white blouse with long sleeves. The blouse has a round neckline and a pleated design on the front. The sleeves are long and flowy, and the blouse appears to be made of a lightweight fabric. The background is plain white, making the blouses the focal point of the image.""}",true,true,false,false,0.7785730004310608
Ladieswear || Top || Jersey Basic || White || Solid,data\generated\n9\ladieswear_top_jersey-basic_white_solid\s0.35_seed48.png,0.35,48,19,0.9006476402282715,0.739357286377957,0.9771104454994202,0.9279783368110657,true,0.9292952418327332,0.8054085969924927,0.9863542199134827,0.9559211373329163,true,true,0.8054085969924927,0.9222480177879333,true,0.5666666666666667,true,"{""product_type"": ""Shirt."", ""colour_family"": ""White."", ""graphical_treatment"": ""Solid.""}",YY,true,true,0.2833333333333333,false,"{""product_type"": ""The image is of a white blouse with long sleeves. The blouse has a round neckline and a pleated design on the front. The sleeves are long and flowy, and the blouse appears to be made of a lightweight fabric. The background is plain white, making the blouses the focal point of the image."", ""colour_family"": ""The image is of a white blouse with long sleeves. The blouse has a round neckline and a pleated design on the front. The sleeves are long and flowy, and the blouse appears to be made of a lightweight fabric. The background is plain white, making the blouses the focal point of the image."", ""graphical_treatment"": ""The image is of a white blouse with long sleeves. The blouse has a round neckline and a pleated design on the front. The sleeves are long and flowy, and the blouse appears to be made of a lightweight fabric. The background is plain white, making the blouses the focal point of the image.""}",true,true,false,false,0.7785730004310608
Ladieswear || Top || Jersey Basic || White || Solid,data\generated\n9\ladieswear_top_jersey-basic_white_solid\s0.35_seed49.png,0.35,49,19,0.8741234227230674,0.7319704796138563,0.9771104454994202,0.9279783368110657,true,0.9025691747665405,0.7973683476448059,0.9863542199134827,0.9559211373329163,true,true,0.7973683476448059,0.9222480177879333,true,0.5666666666666667,true,"{""product_type"": ""Blouse."", ""colour_family"": ""White."", ""graphical_treatment"": ""Solid.""}",YN,false,true,0.2833333333333333,false,"{""product_type"": ""The image is of a white blouse with long sleeves and a square neckline. The blouse has a relaxed fit and appears to be made of a lightweight fabric. The neckline is square and has a small square cutout in the center. The sleeves are long and flowy, with a slight flare at the bottom. The overall style of the blouse is simple and elegant."", ""colour_family"": ""The image is of a white blouse with long sleeves and a square neckline. The blouse has a relaxed fit and appears to be made of a lightweight fabric. The neckline is square and has a small square cutout in the center. The sleeves are long and flowy, with a slight flare at the bottom. The overall style of the blouse is simple and elegant."", ""graphical_treatment"": ""The image is of a white blouse with long sleeves and a square neckline. The blouse has a relaxed fit and appears to be made of a lightweight fabric. The neckline is square and has a small square cutout in the center. The sleeves are long and flowy, with a slight flare at the bottom. The overall style of the blouse is simple and elegant.""}",true,false,false,false,0.7785730004310608
Ladieswear || Top || Jersey Basic || White || Solid,data\generated\n9\ladieswear_top_jersey-basic_white_solid\s0.45_seed42.png,0.45,42,19,0.9289278827215496,0.7900141289359645,0.9771104454994202,0.9279783368110657,true,0.959507405757904,0.8555788993835449,0.9863542199134827,0.9559211373329163,true,true,0.8555788993835449,0.9222480177879333,true,0.2833333333333333,false,"{""product_type"": ""Shirt."", ""colour_family"": ""White."", ""graphical_treatment"": ""Ribbed.""}",YN,false,true,0.5666666666666667,true,"{""product_type"": ""The image is of a white long-sleeved top with a round neckline and a ribbed texture. The top has a relaxed fit and appears to be made of a soft, lightweight fabric. The neckline is slightly scooped at the back, creating a V-neckline. The sleeves are long and flowy, with a slight flare at the ends. The overall style of the top is casual and feminine."", ""colour_family"": ""The image is of a white long-sleeved top with a round neckline and a ribbed texture. The top has a relaxed fit and appears to be made of a soft, lightweight fabric. The neckline is slightly scooped at the back, creating a V-neckline. The sleeves are long and flowy, with a slight flare at the ends. The overall style of the top is casual and feminine."", ""graphical_treatment"": ""The image is of a white long-sleeved top with a round neckline and a ribbed texture. The top has a relaxed fit and appears to be made of a soft, lightweight fabric. The neckline is slightly scooped at the back, creating a V-neckline. The sleeves are long and flowy, with a slight flare at the ends. The overall style of the top is casual and feminine.""}",false,false,true,false,0.7785730004310608
Ladieswear || Top || Jersey Basic || White || Solid,data\generated\n9\ladieswear_top_jersey-basic_white_solid\s0.45_seed43.png,0.45,43,19,0.9271585753089503,0.7989113644549721,0.9771104454994202,0.9279783368110657,true,0.953510046005249,0.859390377998352,0.9863542199134827,0.9559211373329163,true,true,0.859390377998352,0.9222480177879333,true,0.5666666666666667,true,"{""product_type"": ""Blouse."", ""colour_family"": ""White."", ""graphical_treatment"": ""Solid.""}",YN,false,true,0.5666666666666667,true,"{""product_type"": ""The image is of a white long-sleeved top with a square neckline. The top has a relaxed fit and appears to be made of a soft, lightweight fabric. The neckline is slightly scooped at the back, creating a flattering silhouette. The sleeves are long and flowy, with a slight flare at the ends. The overall style of the top is casual and feminine. The background is plain white, making the top stand out."", ""colour_family"": ""The image is of a white long-sleeved top with a square neckline. The top has a relaxed fit and appears to be made of a soft, lightweight fabric. The neckline is slightly scooped at the back, creating a flattering silhouette. The sleeves are long and flowy, with a slight flare at the ends. The overall style of the top is casual and feminine. The background is plain white, making the top stand out."", ""graphical_treatment"": ""The image is of a white long-sleeved top with a square neckline. The top has a relaxed fit and appears to be made of a soft, lightweight fabric. The neckline is slightly scooped at the back, creating a flattering silhouette. The sleeves are long and flowy, with a slight flare at the ends. The overall style of the top is casual and feminine. The background is plain white, making the top stand out.""}",true,false,true,false,0.7785730004310608
Ladieswear || Top || Jersey Basic || White || Solid,data\generated\n9\ladieswear_top_jersey-basic_white_solid\s0.60_seed42.png,0.6,42,19,0.9350462712739643,0.8773298577258462,0.9771104454994202,0.9279783368110657,true,0.9624442458152771,0.9367682337760925,0.9863542199134827,0.9559211373329163,true,true,0.9367682337760925,0.9222480177879333,true,0.5666666666666667,true,"{""product_type"": ""Long shirt."", ""colour_family"": ""White."", ""graphical_treatment"": ""Solid.""}",YN,false,true,0.5666666666666667,true,"{""product_type"": ""The image is of a white long-sleeved top with a round neckline. The top has a relaxed fit and appears to be made of a soft, lightweight fabric. The neckline is cut out in the center, creating a V-neckline that extends from the waist to the hips. The sleeves are slightly flared at the elbows and have a slight seam running down the center. The overall style of the top is simple and minimalistic."", ""colour_family"": ""The image is of a white long-sleeved top with a round neckline. The top has a relaxed fit and appears to be made of a soft, lightweight fabric. The neckline is cut out in the center, creating a V-neckline that extends from the waist to the hips. The sleeves are slightly flared at the elbows and have a slight seam running down the center. The overall style of the top is simple and minimalistic."", ""graphical_treatment"": ""The image is of a white long-sleeved top with a round neckline. The top has a relaxed fit and appears to be made of a soft, lightweight fabric. The neckline is cut out in the center, creating a V-neckline that extends from the waist to the hips. The sleeves are slightly flared at the elbows and have a slight seam running down the center. The overall style of the top is simple and minimalistic.""}",true,false,true,true,0.7785730004310608
Ladieswear || Top || Jersey Basic || White || Solid,data\generated\n9\ladieswear_top_jersey-basic_white_solid\s0.60_seed43.png,0.6,43,19,0.9354371742198342,0.853024633307206,0.9771104454994202,0.9279783368110657,true,0.9640467166900635,0.9184216260910034,0.9863542199134827,0.9559211373329163,true,true,0.9184216260910034,0.9222480177879333,true,0.5666666666666667,true,"{""product_type"": ""Shirt."", ""colour_family"": ""White."", ""graphical_treatment"": ""Solid.""}",YN,false,true,0.5666666666666667,true,"{""product_type"": ""The image is of a white long-sleeved top with a round neckline. The top has a relaxed fit and appears to be made of a soft, lightweight fabric. The neckline is V-necked and has a small white label on the right side. The sleeves are slightly rolled up at the shoulders, giving the top a casual, relaxed look. The background is plain white, making the top stand out."", ""colour_family"": ""The image is of a white long-sleeved top with a round neckline. The top has a relaxed fit and appears to be made of a soft, lightweight fabric. The neckline is V-necked and has a small white label on the right side. The sleeves are slightly rolled up at the shoulders, giving the top a casual, relaxed look. The background is plain white, making the top stand out."", ""graphical_treatment"": ""The image is of a white long-sleeved top with a round neckline. The top has a relaxed fit and appears to be made of a soft, lightweight fabric. The neckline is V-necked and has a small white label on the right side. The sleeves are slightly rolled up at the shoulders, giving the top a casual, relaxed look. The background is plain white, making the top stand out.""}",true,false,true,false,0.7785730004310608
Ladieswear || Top || Jersey Basic || White || Solid,data\generated\n9\ladieswear_top_jersey-basic_white_solid\s0.70_seed42.png,0.7,42,19,0.9439380733590377,0.887430633369245,0.9771104454994202,0.9279783368110657,true,0.9687981009483337,0.9377260208129883,0.9863542199134827,0.9559211373329163,true,true,0.9377260208129883,0.9222480177879333,true,0.5666666666666667,true,"{""product_type"": ""Long sleeve shirt."", ""colour_family"": ""White."", ""graphical_treatment"": ""Solid.""}",YN,false,true,0.5666666666666667,true,"{""product_type"": ""The image is of a white long-sleeved top with a round neckline. The top has a relaxed fit and appears to be made of a soft, lightweight fabric. The neckline is cut out in the center, creating a square shape. The sleeves are slightly flared at the elbows and have a slight seam running down the center. The background is plain white, making the top stand out."", ""colour_family"": ""The image is of a white long-sleeved top with a round neckline. The top has a relaxed fit and appears to be made of a soft, lightweight fabric. The neckline is cut out in the center, creating a square shape. The sleeves are slightly flared at the elbows and have a slight seam running down the center. The background is plain white, making the top stand out."", ""graphical_treatment"": ""The image is of a white long-sleeved top with a round neckline. The top has a relaxed fit and appears to be made of a soft, lightweight fabric. The neckline is cut out in the center, creating a square shape. The sleeves are slightly flared at the elbows and have a slight seam running down the center. The background is plain white, making the top stand out.""}",true,false,true,true,0.7785730004310608
Ladieswear || Top || Jersey Basic || White || Solid,data\generated\n9\ladieswear_top_jersey-basic_white_solid\s0.70_seed43.png,0.7,43,19,0.9418942112671701,0.8841539495869687,0.9771104454994202,0.9279783368110657,true,0.9660037755966187,0.9424130916595459,0.9863542199134827,0.9559211373329163,true,true,0.9424130916595459,0.9222480177879333,true,0.5666666666666667,true,"{""product_type"": ""Shirt."", ""colour_family"": ""White."", ""graphical_treatment"": ""Solid.""}",NN,false,true,0.5666666666666667,true,"{""product_type"": ""The image shows a white long-sleeved top hanging on a white hanger. The top has a round neckline and long sleeves. It appears to be made of a soft, lightweight fabric and has a relaxed fit. There is a small white label on the front of the top with the brand name \""J.Crew\"" written in black. The background is plain white."", ""colour_family"": ""The image shows a white long-sleeved top hanging on a white hanger. The top has a round neckline and long sleeves. It appears to be made of a soft, lightweight fabric and has a relaxed fit. There is a small white label on the front of the top with the brand name \""J.Crew\"" written in black. The background is plain white."", ""graphical_treatment"": ""The image shows a white long-sleeved top hanging on a white hanger. The top has a round neckline and long sleeves. It appears to be made of a soft, lightweight fabric and has a relaxed fit. There is a small white label on the front of the top with the brand name \""J.Crew\"" written in black. The background is plain white.""}",true,false,true,true,0.7785730004310608
Ladieswear || Sweater || Knitwear || Beige || Melange,data\generated\n9\ladieswear_sweater_knitwear_beige_melange\s0.15_seed42.png,0.15,42,17,0.8778263049967149,0.818770194754881,0.9664748013019562,0.9041306674480438,true,0.9076356887817383,0.8898033499717712,0.9825984597206116,0.9469841361045838,true,true,0.8898033499717712,0.8352220177650451,true,0.0,false,"{""product_type"": ""Turtleneck."", ""colour_family"": ""White."", ""graphical_treatment"": ""Solid.""}",YY,true,true,0.5666666666666667,true,"{""product_type"": ""The image is of a beige-colored sweater with a high neck and long sleeves. The sweater appears to be made of a ribbed knit fabric and has a round neckline. The sleeves are ribbed and have a dark brown color. The neckline is cinched at the waist with a brown trim. The overall style of the sweater is casual and comfortable. The background is a plain grey color."", ""colour_family"": ""The image is of a beige-colored sweater with a high neck and long sleeves. The sweater appears to be made of a ribbed knit fabric and has a round neckline. The sleeves are ribbed and have a dark brown color. The neckline is cinched at the waist with a brown trim. The overall style of the sweater is casual and comfortable. The background is a plain grey color."", ""graphical_treatment"": ""The image is of a beige-colored sweater with a high neck and long sleeves. The sweater appears to be made of a ribbed knit fabric and has a round neckline. The sleeves are ribbed and have a dark brown color. The neckline is cinched at the waist with a brown trim. The overall style of the sweater is casual and comfortable. The background is a plain grey color.""}",false,true,true,true,0.7785730004310608
Ladieswear || Sweater || Knitwear || Beige || Melange,data\generated\n9\ladieswear_sweater_knitwear_beige_melange\s0.15_seed43.png,0.15,43,17,0.8668969238505644,0.7372495216481826,0.9664748013019562,0.9041306674480438,true,0.9215019345283508,0.8027821183204651,0.9825984597206116,0.9469841361045838,true,true,0.8027821183204651,0.8352220177650451,true,0.0,false,"{""product_type"": ""Turtleneck."", ""colour_family"": ""Brown."", ""graphical_treatment"": ""Ribbed.""}",YY,true,true,0.5666666666666667,true,"{""product_type"": ""The image shows a close-up of a beige-colored sweater with a high collar. The sweater appears to be made of a soft, knitted material and has a ribbed texture. The collar is made of dark brown yarn and is cinched at the neck with a small white label. The label has the brand name \""J.Crew\"" written in black text. The background is a plain white wall."", ""colour_family"": ""The image shows a close-up of a beige-colored sweater with a high collar. The sweater appears to be made of a soft, knitted material and has a ribbed texture. The collar is made of dark brown yarn and is cinched at the neck with a small white label. The label has the brand name \""J.Crew\"" written in black text. The background is a plain white wall."", ""graphical_treatment"": ""The image shows a close-up of a beige-colored sweater with a high collar. The sweater appears to be made of a soft, knitted material and has a ribbed texture. The collar is made of dark brown yarn and is cinched at the neck with a small white label. The label has the brand name \""J.Crew\"" written in black text. The background is a plain white wall.""}",false,true,true,false,0.7785730004310608
Ladieswear || Sweater || Knitwear || Beige || Melange,data\generated\n9\ladieswear_sweater_knitwear_beige_melange\s0.25_seed42.png,0.25,42,17,0.8995927922865924,0.8156115693204543,0.9664748013019562,0.9041306674480438,true,0.9266781806945801,0.89124596118927,0.9825984597206116,0.9469841361045838,true,true,0.89124596118927,0.8352220177650451,true,0.2833333333333333,false,"{""product_type"": ""Turtleneck."", ""colour_family"": ""Beige."", ""graphical_treatment"": ""Solid.""}",YY,true,true,0.5666666666666667,true,"{""product_type"": ""The image is of a beige-colored sweater with a high neck and long sleeves. The sweater appears to be made of a ribbed knit fabric and has a round neckline. The sleeves are ribbed and have a dark brown color. The neckline is cinched at the waist with a brown trim. The overall style of the sweater is casual and comfortable. The background is plain white."", ""colour_family"": ""The image is of a beige-colored sweater with a high neck and long sleeves. The sweater appears to be made of a ribbed knit fabric and has a round neckline. The sleeves are ribbed and have a dark brown color. The neckline is cinched at the waist with a brown trim. The overall style of the sweater is casual and comfortable. The background is plain white."", ""graphical_treatment"": ""The image is of a beige-colored sweater with a high neck and long sleeves. The sweater appears to be made of a ribbed knit fabric and has a round neckline. The sleeves are ribbed and have a dark brown color. The neckline is cinched at the waist with a brown trim. The overall style of the sweater is casual and comfortable. The background is plain white.""}",false,true,true,true,0.7785730004310608
Ladieswear || Sweater || Knitwear || Beige || Melange,data\generated\n9\ladieswear_sweater_knitwear_beige_melange\s0.25_seed43.png,0.25,43,17,0.8757204308229334,0.811673171379987,0.9664748013019562,0.9041306674480438,true,0.9104318618774414,0.8920560479164124,0.9825984597206116,0.9469841361045838,true,true,0.8920560479164124,0.8352220177650451,true,0.2833333333333333,false,"{""product_type"": ""Sweater."", ""colour_family"": ""Brown."", ""graphical_treatment"": ""Solid.""}",YY,true,true,0.5666666666666667,true,"{""product_type"": ""The image is of a beige-colored sweater with a high neck and long sleeves. The sweater appears to be made of a soft, knitted material and has a ribbed texture. The color of the sweater is a light beige with a darker brown stripe running down the center of the neckline. The sleeves are ribbed and have a slightly longer length. The overall style is casual and comfortable."", ""colour_family"": ""The image is of a beige-colored sweater with a high neck and long sleeves. The sweater appears to be made of a soft, knitted material and has a ribbed texture. The color of the sweater is a light beige with a darker brown stripe running down the center of the neckline. The sleeves are ribbed and have a slightly longer length. The overall style is casual and comfortable."", ""graphical_treatment"": ""The image is of a beige-colored sweater with a high neck and long sleeves. The sweater appears to be made of a soft, knitted material and has a ribbed texture. The color of the sweater is a light beige with a darker brown stripe running down the center of the neckline. The sleeves are ribbed and have a slightly longer length. The overall style is casual and comfortable.""}",false,true,true,true,0.7785730004310608
Ladieswear || Sweater || Knitwear || Beige || Melange,data\generated\n9\ladieswear_sweater_knitwear_beige_melange\s0.35_seed42.png,0.35,42,17,0.9083197116851807,0.8239823369418874,0.9664748013019562,0.9041306674480438,true,0.938088595867157,0.8985931277275085,0.9825984597206116,0.9469841361045838,true,true,0.8985931277275085,0.8352220177650451,true,0.2833333333333333,false,"{""product_type"": ""Turtleneck."", ""colour_family"": ""Beige."", ""graphical_treatment"": ""Solid.""}",YY,true,true,0.5666666666666667,true,"{""product_type"": ""The image is of a beige-colored sweater with a high neck and long sleeves. The sweater appears to be made of a ribbed knit fabric and has a round neckline. The sleeves are ribbed and have a dark brown color. The overall style of the sweater is casual and comfortable. The background is plain white."", ""colour_family"": ""The image is of a beige-colored sweater with a high neck and long sleeves. The sweater appears to be made of a ribbed knit fabric and has a round neckline. The sleeves are ribbed and have a dark brown color. The overall style of the sweater is casual and comfortable. The background is plain white."", ""graphical_treatment"": ""The image is of a beige-colored sweater with a high neck and long sleeves. The sweater appears to be made of a ribbed knit fabric and has a round neckline. The sleeves are ribbed and have a dark brown color. The overall style of the sweater is casual and comfortable. The background is plain white.""}",false,true,true,true,0.7785730004310608
Ladieswear || Sweater || Knitwear || Beige || Melange,data\generated\n9\ladieswear_sweater_knitwear_beige_melange\s0.35_seed43.png,0.35,43,17,0.8932080864906311,0.8371862663942224,0.9664748013019562,0.9041306674480438,true,0.9227361679077148,0.9204578399658203,0.9825984597206116,0.9469841361045838,true,true,0.9204578399658203,0.8352220177650451,true,0.2833333333333333,false,"{""product_type"": ""Turtleneck."", ""colour_family"": ""Beige."", ""graphical_treatment"": ""Solid.""}",YY,true,true,0.5666666666666667,true,"{""product_type"": ""The image is of a beige-colored sweater with a high neck and long sleeves. The sweater appears to be made of a ribbed knit fabric and has a round neckline. The sleeves are ribbed and have a dark brown color. The overall style of the sweater is casual and comfortable. The background is plain white, making the sweater stand out."", ""colour_family"": ""The image is of a beige-colored sweater with a high neck and long sleeves. The sweater appears to be made of a ribbed knit fabric and has a round neckline. The sleeves are ribbed and have a dark brown color. The overall style of the sweater is casual and comfortable. The background is plain white, making the sweater stand out."", ""graphical_treatment"": ""The image is of a beige-colored sweater with a high neck and long sleeves. The sweater appears to be made of a ribbed knit fabric and has a round neckline. The sleeves are ribbed and have a dark brown color. The overall style of the sweater is casual and comfortable. The background is plain white, making the sweater stand out.""}",false,true,true,true,0.7785730004310608
Ladieswear || Sweater || Knitwear || Beige || Melange,data\generated\n9\ladieswear_sweater_knitwear_beige_melange\s0.35_seed44.png,0.35,44,17,0.904360690537621,0.8360951998654533,0.9664748013019562,0.9041306674480438,true,0.9389216899871826,0.9131505489349365,0.9825984597206116,0.9469841361045838,true,true,0.9131505489349365,0.8352220177650451,true,0.0,false,"{""product_type"": ""Turtleneck."", ""colour_family"": ""Brown."", ""graphical_treatment"": ""Solid.""}",YY,true,true,0.5666666666666667,true,"{""product_type"": ""The image is of a beige-colored sweater with a high neck and long sleeves. The sweater appears to be made of a ribbed knit fabric and has a round neckline. The sleeves are ribbed and have a dark brown color. The overall style of the sweater is casual and comfortable. The background is plain white."", ""colour_family"": ""The image is of a beige-colored sweater with a high neck and long sleeves. The sweater appears to be made of a ribbed knit fabric and has a round neckline. The sleeves are ribbed and have a dark brown color. The overall style of the sweater is casual and comfortable. The background is plain white."", ""graphical_treatment"": ""The image is of a beige-colored sweater with a high neck and long sleeves. The sweater appears to be made of a ribbed knit fabric and has a round neckline. The sleeves are ribbed and have a dark brown color. The overall style of the sweater is casual and comfortable. The background is plain white.""}",false,true,true,true,0.7785730004310608
Ladieswear || Sweater || Knitwear || Beige || Melange,data\generated\n9\ladieswear_sweater_knitwear_beige_melange\s0.35_seed45.png,0.35,45,17,0.925444294424618,0.829064362189349,0.9664748013019562,0.9041306674480438,true,0.949120283126831,0.90105801820755,0.9825984597206116,0.9469841361045838,true,true,0.90105801820755,0.8352220177650451,true,0.5666666666666667,true,"{""product_type"": ""Sweater."", ""colour_family"": ""Beige."", ""graphical_treatment"": ""Solid.""}",YY,true,true,0.5666666666666667,true,"{""product_type"": ""The image is of a beige-colored sweater with a high neck and long sleeves. The sweater has a ribbed texture and appears to be made of a soft, knitted material. The collar of the sweater is a darker shade of beige and has a small white label with the brand name \""J.Crew\"" written on it. The sleeves are ribbed and have a slightly longer length. The overall style of the outfit is casual and comfortable."", ""colour_family"": ""The image is of a beige-colored sweater with a high neck and long sleeves. The sweater has a ribbed texture and appears to be made of a soft, knitted material. The collar of the sweater is a darker shade of beige and has a small white label with the brand name \""J.Crew\"" written on it. The sleeves are ribbed and have a slightly longer length. The overall style of the outfit is casual and comfortable."", ""graphical_treatment"": ""The image is of a beige-colored sweater with a high neck and long sleeves. The sweater has a ribbed texture and appears to be made of a soft, knitted material. The collar of the sweater is a darker shade of beige and has a small white label with the brand name \""J.Crew\"" written on it. The sleeves are ribbed and have a slightly longer length. The overall style of the outfit is casual and comfortable.""}",true,true,true,true,0.7785730004310608
Ladieswear || Sweater || Knitwear || Beige || Melange,data\generated\n9\ladieswear_sweater_knitwear_beige_melange\s0.35_seed46.png,0.35,46,17,0.8859918117523193,0.8164560058537651,0.9664748013019562,0.9041306674480438,true,0.9237649440765381,0.891227126121521,0.9825984597206116,0.9469841361045838,true,true,0.891227126121521,0.8352220177650451,true,0.0,false,"{""product_type"": ""Turtleneck."", ""colour_family"": ""Brown."", ""graphical_treatment"": ""Solid.""}",YY,true,true,0.5666666666666667,true,"{""product_type"": ""The image is of a beige-colored turtleneck sweater. The sweater has a ribbed texture and appears to be made of a soft, knitted material. It has a high neckline and long sleeves. The color of the sweater is a warm, earthy beige. The background is plain white, making the sweater the focal point of the image."", ""colour_family"": ""The image is of a beige-colored turtleneck sweater. The sweater has a ribbed texture and appears to be made of a soft, knitted material. It has a high neckline and long sleeves. The color of the sweater is a warm, earthy beige. The background is plain white, making the sweater the focal point of the image."", ""graphical_treatment"": ""The image is of a beige-colored turtleneck sweater. The sweater has a ribbed texture and appears to be made of a soft, knitted material. It has a high neckline and long sleeves. The color of the sweater is a warm, earthy beige. The background is plain white, making the sweater the focal point of the image.""}",false,true,true,true,0.7785730004310608
Ladieswear || Sweater || Knitwear || Beige || Melange,data\generated\n9\ladieswear_sweater_knitwear_beige_melange\s0.35_seed47.png,0.35,47,17,0.9042657683877384,0.8385045002488529,0.9664748013019562,0.9041306674480438,true,0.9406487345695496,0.9159266352653503,0.9825984597206116,0.9469841361045838,true,true,0.9159266352653503,0.8352220177650451,true,0.0,false,"{""product_type"": ""Turtleneck."", ""colour_family"": ""Brown."", ""graphical_treatment"": ""Solid.""}",YY,true,true,0.5666666666666667,true,"{""product_type"": ""The image is of a beige-colored sweater with a high neck and long sleeves. The sweater appears to be made of a ribbed knit fabric and has a relaxed fit. The neckline is high and the sleeves are ribbed, giving the sweater a casual and relaxed look. The color of the sweater is a warm, earthy beige with a subtle brown stripe running down the center of the neckline. The sleeves are slightly longer than the waistline and"", ""colour_family"": ""The image is of a beige-colored sweater with a high neck and long sleeves. The sweater appears to be made of a ribbed knit fabric and has a relaxed fit. The neckline is high and the sleeves are ribbed, giving the sweater a casual and relaxed look. The color of the sweater is a warm, earthy beige with a subtle brown stripe running down the center of the neckline. The sleeves are slightly longer than the waistline and"", ""graphical_treatment"": ""The image is of a beige-colored sweater with a high neck and long sleeves. The sweater appears to be made of a ribbed knit fabric and has a relaxed fit. The neckline is high and the sleeves are ribbed, giving the sweater a casual and relaxed look. The color of the sweater is a warm, earthy beige with a subtle brown stripe running down the center of the neckline. The sleeves are slightly longer than the waistline and""}",false,true,true,true,0.7785730004310608
Ladieswear || Sweater || Knitwear || Beige || Melange,data\generated\n9\ladieswear_sweater_knitwear_beige_melange\s0.35_seed48.png,0.35,48,17,0.9133614582173964,0.8396260457880357,0.9664748013019562,0.9041306674480438,true,0.954775333404541,0.9191216230392456,0.9825984597206116,0.9469841361045838,true,true,0.9191216230392456,0.8352220177650451,true,0.0,false,"{""product_type"": ""Turtleneck."", ""colour_family"": ""Brown."", ""graphical_treatment"": ""Solid.""}",YY,true,true,0.5666666666666667,true,"{""product_type"": ""The image is of a beige-colored sweater with a high neck and long sleeves. The sweater appears to be made of a ribbed knit fabric and has a relaxed fit. The neckline is turtleneck-style and the sleeves are ribbed for added warmth and comfort. The color of the sweater is a warm, earthy beige with a subtle brown stripe running down the center of the neckline. The sleeves are slightly rolled up at the elbows and"", ""colour_family"": ""The image is of a beige-colored sweater with a high neck and long sleeves. The sweater appears to be made of a ribbed knit fabric and has a relaxed fit. The neckline is turtleneck-style and the sleeves are ribbed for added warmth and comfort. The color of the sweater is a warm, earthy beige with a subtle brown stripe running down the center of the neckline. The sleeves are slightly rolled up at the elbows and"", ""graphical_treatment"": ""The image is of a beige-colored sweater with a high neck and long sleeves. The sweater appears to be made of a ribbed knit fabric and has a relaxed fit. The neckline is turtleneck-style and the sleeves are ribbed for added warmth and comfort. The color of the sweater is a warm, earthy beige with a subtle brown stripe running down the center of the neckline. The sleeves are slightly rolled up at the elbows and""}",false,true,true,true,0.7785730004310608
Ladieswear || Sweater || Knitwear || Beige || Melange,data\generated\n9\ladieswear_sweater_knitwear_beige_melange\s0.35_seed49.png,0.35,49,17,0.8953587518018835,0.8389977707582361,0.9664748013019562,0.9041306674480438,true,0.9277219176292419,0.9189712405204773,0.9825984597206116,0.9469841361045838,true,true,0.9189712405204773,0.8352220177650451,true,0.0,false,"{""product_type"": ""T-shirt."", ""colour_family"": ""Brown."", ""graphical_treatment"": ""Solid.""}",YY,true,true,0.5666666666666667,true,"{""product_type"": ""The image is of a beige-colored sweater with a high neck and long sleeves. The sweater appears to be made of a ribbed knit fabric and has a round neckline. The sleeves are ribbed and have a dark brown color. There is a small label on the front of the sweater with the brand name \""J.Crew\"" written in white. The background is plain white."", ""colour_family"": ""The image is of a beige-colored sweater with a high neck and long sleeves. The sweater appears to be made of a ribbed knit fabric and has a round neckline. The sleeves are ribbed and have a dark brown color. There is a small label on the front of the sweater with the brand name \""J.Crew\"" written in white. The background is plain white."", ""graphical_treatment"": ""The image is of a beige-colored sweater with a high neck and long sleeves. The sweater appears to be made of a ribbed knit fabric and has a round neckline. The sleeves are ribbed and have a dark brown color. There is a small label on the front of the sweater with the brand name \""J.Crew\"" written in white. The background is plain white.""}",false,true,true,true,0.7785730004310608
Ladieswear || Sweater || Knitwear || Beige || Melange,data\generated\n9\ladieswear_sweater_knitwear_beige_melange\s0.45_seed42.png,0.45,42,17,0.9124957603566787,0.815866635126226,0.9664748013019562,0.9041306674480438,true,0.9460246562957764,0.895453155040741,0.9825984597206116,0.9469841361045838,true,true,0.895453155040741,0.8352220177650451,true,0.0,false,"{""product_type"": ""T-shirt."", ""colour_family"": ""Brown."", ""graphical_treatment"": ""Solid.""}",YN,false,true,0.5666666666666667,true,"{""product_type"": ""The image is of a beige-colored sweater with a high neck and long sleeves. The sweater appears to be made of a ribbed knit fabric and has a relaxed fit. The neckline is high and the sleeves are ribbed, giving the sweater a textured appearance. The color of the sweater is a warm, earthy beige. The background is plain white, making the sweater stand out."", ""colour_family"": ""The image is of a beige-colored sweater with a high neck and long sleeves. The sweater appears to be made of a ribbed knit fabric and has a relaxed fit. The neckline is high and the sleeves are ribbed, giving the sweater a textured appearance. The color of the sweater is a warm, earthy beige. The background is plain white, making the sweater stand out."", ""graphical_treatment"": ""The image is of a beige-colored sweater with a high neck and long sleeves. The sweater appears to be made of a ribbed knit fabric and has a relaxed fit. The neckline is high and the sleeves are ribbed, giving the sweater a textured appearance. The color of the sweater is a warm, earthy beige. The background is plain white, making the sweater stand out.""}",false,false,true,true,0.7785730004310608
Ladieswear || Sweater || Knitwear || Beige || Melange,data\generated\n9\ladieswear_sweater_knitwear_beige_melange\s0.45_seed43.png,0.45,43,17,0.9102292201098274,0.8475620185627657,0.9664748013019562,0.9041306674480438,true,0.9445569515228271,0.9194716811180115,0.9825984597206116,0.9469841361045838,true,true,0.9194716811180115,0.8352220177650451,true,0.0,false,"{""product_type"": ""T-shirt."", ""colour_family"": ""Brown."", ""graphical_treatment"": ""Solid.""}",YY,true,true,0.5666666666666667,true,"{""product_type"": ""The image is of a beige-colored sweater with a high neck and long sleeves. The sweater appears to be made of a ribbed knit fabric and has a round neckline. The sleeves are ribbed and have a dark brown color. The overall style of the sweater is casual and comfortable."", ""colour_family"": ""The image is of a beige-colored sweater with a high neck and long sleeves. The sweater appears to be made of a ribbed knit fabric and has a round neckline. The sleeves are ribbed and have a dark brown color. The overall style of the sweater is casual and comfortable."", ""graphical_treatment"": ""The image is of a beige-colored sweater with a high neck and long sleeves. The sweater appears to be made of a ribbed knit fabric and has a round neckline. The sleeves are ribbed and have a dark brown color. The overall style of the sweater is casual and comfortable.""}",false,true,true,true,0.7785730004310608
