backend,control_type,style_id_checked_against,image_path,raw_extraction_json,mean_score
florence2,positive,Ladieswear || T-shirt || Jersey Basic || Black || Solid,data\images\0800691008.jpg,"{""product_type"": ""The image is of a black t-shirt with a round neckline and short sleeves. It appears to be made of a soft, textured fabric with a ribbed texture. The shirt is laid flat on a plain white background. There is a small white label on the front of the shirt with the brand name \""J.Crew\"" written in black."", ""colour_family"": ""The image is of a black t-shirt with a round neckline and short sleeves. It appears to be made of a soft, textured fabric with a ribbed texture. The shirt is laid flat on a plain white background. There is a small white label on the front of the shirt with the brand name \""J.Crew\"" written in black."", ""graphical_treatment"": ""The image is of a black t-shirt with a round neckline and short sleeves. It appears to be made of a soft, textured fabric with a ribbed texture. The shirt is laid flat on a plain white background. There is a small white label on the front of the shirt with the brand name \""J.Crew\"" written in black.""}",0.5666666666666667
florence2,negative,"Ladieswear || Underwear bottom || Under-, Nightwear || Red || Solid",data\images\0800691008.jpg,"{""product_type"": ""The image is of a black t-shirt with a round neckline and short sleeves. It appears to be made of a soft, textured fabric with a ribbed texture. The shirt is laid flat on a plain white background. There is a small white label on the front of the shirt with the brand name \""J.Crew\"" written in black."", ""colour_family"": ""The image is of a black t-shirt with a round neckline and short sleeves. It appears to be made of a soft, textured fabric with a ribbed texture. The shirt is laid flat on a plain white background. There is a small white label on the front of the shirt with the brand name \""J.Crew\"" written in black."", ""graphical_treatment"": ""The image is of a black t-shirt with a round neckline and short sleeves. It appears to be made of a soft, textured fabric with a ribbed texture. The shirt is laid flat on a plain white background. There is a small white label on the front of the shirt with the brand name \""J.Crew\"" written in black.""}",0.2833333333333333
florence2,positive,Ladieswear || T-shirt || Jersey Basic || Black || Solid,data\images\0778064001.jpg,"{""product_type"": ""The image is of a black t-shirt with a round neckline and short sleeves. It appears to be made of a soft, lightweight fabric and has a relaxed fit. The shirt is laid flat on a plain white background. There is a small white label on the front of the shirt with the brand name \""J.Crew\"" written in black."", ""colour_family"": ""The image is of a black t-shirt with a round neckline and short sleeves. It appears to be made of a soft, lightweight fabric and has a relaxed fit. The shirt is laid flat on a plain white background. There is a small white label on the front of the shirt with the brand name \""J.Crew\"" written in black."", ""graphical_treatment"": ""The image is of a black t-shirt with a round neckline and short sleeves. It appears to be made of a soft, lightweight fabric and has a relaxed fit. The shirt is laid flat on a plain white background. There is a small white label on the front of the shirt with the brand name \""J.Crew\"" written in black.""}",0.5666666666666667
florence2,negative,"Ladieswear || Underwear bottom || Under-, Nightwear || Red || Solid",data\images\0778064001.jpg,"{""product_type"": ""The image is of a black t-shirt with a round neckline and short sleeves. It appears to be made of a soft, lightweight fabric and has a relaxed fit. The shirt is laid flat on a plain white background. There is a small white label on the front of the shirt with the brand name \""J.Crew\"" written in black."", ""colour_family"": ""The image is of a black t-shirt with a round neckline and short sleeves. It appears to be made of a soft, lightweight fabric and has a relaxed fit. The shirt is laid flat on a plain white background. There is a small white label on the front of the shirt with the brand name \""J.Crew\"" written in black."", ""graphical_treatment"": ""The image is of a black t-shirt with a round neckline and short sleeves. It appears to be made of a soft, lightweight fabric and has a relaxed fit. The shirt is laid flat on a plain white background. There is a small white label on the front of the shirt with the brand name \""J.Crew\"" written in black.""}",0.0
florence2,positive,Ladieswear || T-shirt || Jersey Basic || Black || Solid,data\images\0827968004.jpg,"{""product_type"": ""The image is of a black t-shirt with a round neckline and short sleeves. It appears to be made of a soft, lightweight fabric and has a relaxed fit. The shirt is laid flat on a plain white background. There is a small white label on the front of the shirt with the brand name \""J.Crew\"" written in black."", ""colour_family"": ""The image is of a black t-shirt with a round neckline and short sleeves. It appears to be made of a soft, lightweight fabric and has a relaxed fit. The shirt is laid flat on a plain white background. There is a small white label on the front of the shirt with the brand name \""J.Crew\"" written in black."", ""graphical_treatment"": ""The image is of a black t-shirt with a round neckline and short sleeves. It appears to be made of a soft, lightweight fabric and has a relaxed fit. The shirt is laid flat on a plain white background. There is a small white label on the front of the shirt with the brand name \""J.Crew\"" written in black.""}",0.5666666666666667
florence2,negative,"Ladieswear || Underwear bottom || Under-, Nightwear || Red || Solid",data\images\0827968004.jpg,"{""product_type"": ""The image is of a black t-shirt with a round neckline and short sleeves. It appears to be made of a soft, lightweight fabric and has a relaxed fit. The shirt is laid flat on a plain white background. There is a small white label on the front of the shirt with the brand name \""J.Crew\"" written in black."", ""colour_family"": ""The image is of a black t-shirt with a round neckline and short sleeves. It appears to be made of a soft, lightweight fabric and has a relaxed fit. The shirt is laid flat on a plain white background. There is a small white label on the front of the shirt with the brand name \""J.Crew\"" written in black."", ""graphical_treatment"": ""The image is of a black t-shirt with a round neckline and short sleeves. It appears to be made of a soft, lightweight fabric and has a relaxed fit. The shirt is laid flat on a plain white background. There is a small white label on the front of the shirt with the brand name \""J.Crew\"" written in black.""}",0.0
florence2,positive,Ladieswear || T-shirt || Jersey Basic || Black || Solid,data\images\0865076001.jpg,"{""product_type"": ""The image is of a black t-shirt with a round neckline and short sleeves. The shirt appears to be made of a soft, comfortable fabric and has a relaxed fit. It has a small white label on the front with the brand name \""J.Crew\"" written in black. The background is plain white, making the black color of the shirt stand out."", ""colour_family"": ""The image is of a black t-shirt with a round neckline and short sleeves. The shirt appears to be made of a soft, comfortable fabric and has a relaxed fit. It has a small white label on the front with the brand name \""J.Crew\"" written in black. The background is plain white, making the black color of the shirt stand out."", ""graphical_treatment"": ""The image is of a black t-shirt with a round neckline and short sleeves. The shirt appears to be made of a soft, comfortable fabric and has a relaxed fit. It has a small white label on the front with the brand name \""J.Crew\"" written in black. The background is plain white, making the black color of the shirt stand out.""}",0.5666666666666667
florence2,negative,"Ladieswear || Underwear bottom || Under-, Nightwear || Red || Solid",data\images\0865076001.jpg,"{""product_type"": ""The image is of a black t-shirt with a round neckline and short sleeves. The shirt appears to be made of a soft, comfortable fabric and has a relaxed fit. It has a small white label on the front with the brand name \""J.Crew\"" written in black. The background is plain white, making the black color of the shirt stand out."", ""colour_family"": ""The image is of a black t-shirt with a round neckline and short sleeves. The shirt appears to be made of a soft, comfortable fabric and has a relaxed fit. It has a small white label on the front with the brand name \""J.Crew\"" written in black. The background is plain white, making the black color of the shirt stand out."", ""graphical_treatment"": ""The image is of a black t-shirt with a round neckline and short sleeves. The shirt appears to be made of a soft, comfortable fabric and has a relaxed fit. It has a small white label on the front with the brand name \""J.Crew\"" written in black. The background is plain white, making the black color of the shirt stand out.""}",0.0
florence2,positive,Ladieswear || T-shirt || Jersey Basic || Black || Solid,data\images\0767862001.jpg,"{""product_type"": ""The image shows two t-shirts, one in black and one in white, lying side by side on a plain white background. The black t-shirt has a V-neckline and short sleeves, while the white t shirt is plain and has a round neckline. Both shirts have a small white label on the front. The shirts appear to be made of a soft and comfortable fabric."", ""colour_family"": ""The image shows two t-shirts, one in black and one in white, lying side by side on a plain white background. The black t-shirt has a V-neckline and short sleeves, while the white t shirt is plain and has a round neckline. Both shirts have a small white label on the front. The shirts appear to be made of a soft and comfortable fabric."", ""graphical_treatment"": ""The image shows two t-shirts, one in black and one in white, lying side by side on a plain white background. The black t-shirt has a V-neckline and short sleeves, while the white t shirt is plain and has a round neckline. Both shirts have a small white label on the front. The shirts appear to be made of a soft and comfortable fabric.""}",0.5666666666666667
florence2,negative,"Ladieswear || Underwear bottom || Under-, Nightwear || Red || Solid",data\images\0767862001.jpg,"{""product_type"": ""The image shows two t-shirts, one in black and one in white, lying side by side on a plain white background. The black t-shirt has a V-neckline and short sleeves, while the white t shirt is plain and has a round neckline. Both shirts have a small white label on the front. The shirts appear to be made of a soft and comfortable fabric."", ""colour_family"": ""The image shows two t-shirts, one in black and one in white, lying side by side on a plain white background. The black t-shirt has a V-neckline and short sleeves, while the white t shirt is plain and has a round neckline. Both shirts have a small white label on the front. The shirts appear to be made of a soft and comfortable fabric."", ""graphical_treatment"": ""The image shows two t-shirts, one in black and one in white, lying side by side on a plain white background. The black t-shirt has a V-neckline and short sleeves, while the white t shirt is plain and has a round neckline. Both shirts have a small white label on the front. The shirts appear to be made of a soft and comfortable fabric.""}",0.0
florence2,positive,Ladieswear || T-shirt || Jersey Basic || Black || Solid,data\images\0843685001.jpg,"{""product_type"": ""The image is of a black t-shirt with a round neckline and short sleeves. The shirt appears to be made of a soft, lightweight fabric and has a relaxed fit. The front of the shirt has a V-neckline with a small V-shaped cutout in the center. The sleeves are slightly rolled up at the shoulders, giving the shirt a casual, relaxed look. The background is plain white, making the black shirt stand out."", ""colour_family"": ""The image is of a black t-shirt with a round neckline and short sleeves. The shirt appears to be made of a soft, lightweight fabric and has a relaxed fit. The front of the shirt has a V-neckline with a small V-shaped cutout in the center. The sleeves are slightly rolled up at the shoulders, giving the shirt a casual, relaxed look. The background is plain white, making the black shirt stand out."", ""graphical_treatment"": ""The image is of a black t-shirt with a round neckline and short sleeves. The shirt appears to be made of a soft, lightweight fabric and has a relaxed fit. The front of the shirt has a V-neckline with a small V-shaped cutout in the center. The sleeves are slightly rolled up at the shoulders, giving the shirt a casual, relaxed look. The background is plain white, making the black shirt stand out.""}",0.5666666666666667
florence2,negative,"Ladieswear || Underwear bottom || Under-, Nightwear || Red || Solid",data\images\0843685001.jpg,"{""product_type"": ""The image is of a black t-shirt with a round neckline and short sleeves. The shirt appears to be made of a soft, lightweight fabric and has a relaxed fit. The front of the shirt has a V-neckline with a small V-shaped cutout in the center. The sleeves are slightly rolled up at the shoulders, giving the shirt a casual, relaxed look. The background is plain white, making the black shirt stand out."", ""colour_family"": ""The image is of a black t-shirt with a round neckline and short sleeves. The shirt appears to be made of a soft, lightweight fabric and has a relaxed fit. The front of the shirt has a V-neckline with a small V-shaped cutout in the center. The sleeves are slightly rolled up at the shoulders, giving the shirt a casual, relaxed look. The background is plain white, making the black shirt stand out."", ""graphical_treatment"": ""The image is of a black t-shirt with a round neckline and short sleeves. The shirt appears to be made of a soft, lightweight fabric and has a relaxed fit. The front of the shirt has a V-neckline with a small V-shaped cutout in the center. The sleeves are slightly rolled up at the shoulders, giving the shirt a casual, relaxed look. The background is plain white, making the black shirt stand out.""}",0.0
florence2,positive,"Ladieswear || Underwear bottom || Under-, Nightwear || Red || Solid",data\images\0803986005.jpg,"{""product_type"": ""The image is of a red lace thong underwear. The thong is made of a delicate lace fabric with a scalloped edge and a low-rise waistband. The fabric appears to be soft and stretchy, with a subtle sheen that catches the light. The waistband is slightly flared at the bottom, creating a flattering silhouette. The overall look of the underwear is elegant and feminine."", ""colour_family"": ""The image is of a red lace thong underwear. The thong is made of a delicate lace fabric with a scalloped edge and a low-rise waistband. The fabric appears to be soft and stretchy, with a subtle sheen that catches the light. The waistband is slightly flared at the bottom, creating a flattering silhouette. The overall look of the underwear is elegant and feminine."", ""graphical_treatment"": ""The image is of a red lace thong underwear. The thong is made of a delicate lace fabric with a scalloped edge and a low-rise waistband. The fabric appears to be soft and stretchy, with a subtle sheen that catches the light. The waistband is slightly flared at the bottom, creating a flattering silhouette. The overall look of the underwear is elegant and feminine.""}",0.2992063492063492
florence2,negative,Ladieswear || Dress || Dresses Ladies || Red || Solid,data\images\0803986005.jpg,"{""product_type"": ""The image is of a red lace thong underwear. The thong is made of a delicate lace fabric with a scalloped edge and a low-rise waistband. The fabric appears to be soft and stretchy, with a subtle sheen that catches the light. The waistband is slightly flared at the bottom, creating a flattering silhouette. The overall look of the underwear is elegant and feminine."", ""colour_family"": ""The image is of a red lace thong underwear. The thong is made of a delicate lace fabric with a scalloped edge and a low-rise waistband. The fabric appears to be soft and stretchy, with a subtle sheen that catches the light. The waistband is slightly flared at the bottom, creating a flattering silhouette. The overall look of the underwear is elegant and feminine."", ""graphical_treatment"": ""The image is of a red lace thong underwear. The thong is made of a delicate lace fabric with a scalloped edge and a low-rise waistband. The fabric appears to be soft and stretchy, with a subtle sheen that catches the light. The waistband is slightly flared at the bottom, creating a flattering silhouette. The overall look of the underwear is elegant and feminine.""}",0.2833333333333333
florence2,positive,"Ladieswear || Underwear bottom || Under-, Nightwear || Red || Solid",data\images\0854384005.jpg,"{""product_type"": ""The image shows a pair of red lace underwear. The underwear is made of a soft, stretchy fabric and has a low-rise waistband with a scalloped edge. The lace is a deep, rich red color and appears to be made of lace with small, intricate details. The waistband is slightly flared at the top, creating a flattering silhouette. The panties are laid flat on a plain white background."", ""colour_family"": ""The image shows a pair of red lace underwear. The underwear is made of a soft, stretchy fabric and has a low-rise waistband with a scalloped edge. The lace is a deep, rich red color and appears to be made of lace with small, intricate details. The waistband is slightly flared at the top, creating a flattering silhouette. The panties are laid flat on a plain white background."", ""graphical_treatment"": ""The image shows a pair of red lace underwear. The underwear is made of a soft, stretchy fabric and has a low-rise waistband with a scalloped edge. The lace is a deep, rich red color and appears to be made of lace with small, intricate details. The waistband is slightly flared at the top, creating a flattering silhouette. The panties are laid flat on a plain white background.""}",0.2902777777777778
florence2,negative,Ladieswear || Dress || Dresses Ladies || Red || Solid,data\images\0854384005.jpg,"{""product_type"": ""The image shows a pair of red lace underwear. The underwear is made of a soft, stretchy fabric and has a low-rise waistband with a scalloped edge. The lace is a deep, rich red color and appears to be made of lace with small, intricate details. The waistband is slightly flared at the top, creating a flattering silhouette. The panties are laid flat on a plain white background."", ""colour_family"": ""The image shows a pair of red lace underwear. The underwear is made of a soft, stretchy fabric and has a low-rise waistband with a scalloped edge. The lace is a deep, rich red color and appears to be made of lace with small, intricate details. The waistband is slightly flared at the top, creating a flattering silhouette. The panties are laid flat on a plain white background."", ""graphical_treatment"": ""The image shows a pair of red lace underwear. The underwear is made of a soft, stretchy fabric and has a low-rise waistband with a scalloped edge. The lace is a deep, rich red color and appears to be made of lace with small, intricate details. The waistband is slightly flared at the top, creating a flattering silhouette. The panties are laid flat on a plain white background.""}",0.2833333333333333
florence2,positive,"Ladieswear || Underwear bottom || Under-, Nightwear || Red || Solid",data\images\0822311003.jpg,"{""product_type"": ""The image is of a pair of pink lace underwear. The underwear is made of a soft, delicate lace fabric and has a scalloped edge. The waistband is elastic and the thong is low-rise. The color of the underwear is a bright, coral pink. The background is plain white, making the underwear stand out."", ""colour_family"": ""The image is of a pair of pink lace underwear. The underwear is made of a soft, delicate lace fabric and has a scalloped edge. The waistband is elastic and the thong is low-rise. The color of the underwear is a bright, coral pink. The background is plain white, making the underwear stand out."", ""graphical_treatment"": ""The image is of a pair of pink lace underwear. The underwear is made of a soft, delicate lace fabric and has a scalloped edge. The waistband is elastic and the thong is low-rise. The color of the underwear is a bright, coral pink. The background is plain white, making the underwear stand out.""}",0.00980392156862745
florence2,negative,Ladieswear || Dress || Dresses Ladies || Red || Solid,data\images\0822311003.jpg,"{""product_type"": ""The image is of a pair of pink lace underwear. The underwear is made of a soft, delicate lace fabric and has a scalloped edge. The waistband is elastic and the thong is low-rise. The color of the underwear is a bright, coral pink. The background is plain white, making the underwear stand out."", ""colour_family"": ""The image is of a pair of pink lace underwear. The underwear is made of a soft, delicate lace fabric and has a scalloped edge. The waistband is elastic and the thong is low-rise. The color of the underwear is a bright, coral pink. The background is plain white, making the underwear stand out."", ""graphical_treatment"": ""The image is of a pair of pink lace underwear. The underwear is made of a soft, delicate lace fabric and has a scalloped edge. The waistband is elastic and the thong is low-rise. The color of the underwear is a bright, coral pink. The background is plain white, making the underwear stand out.""}",0.0
florence2,positive,"Ladieswear || Underwear bottom || Under-, Nightwear || Red || Solid",data\images\0798407002.jpg,"{""product_type"": ""The image is of a red lace thong underwear. The thong is made of a delicate lace fabric and has a low-rise waistband with a scalloped edge. The fabric appears to be soft and stretchy, with a subtle sheen that catches the light. The waistband is slightly flared at the top, creating a flattering silhouette. The background is plain white, making the red color of the underwear stand out."", ""colour_family"": ""The image is of a red lace thong underwear. The thong is made of a delicate lace fabric and has a low-rise waistband with a scalloped edge. The fabric appears to be soft and stretchy, with a subtle sheen that catches the light. The waistband is slightly flared at the top, creating a flattering silhouette. The background is plain white, making the red color of the underwear stand out."", ""graphical_treatment"": ""The image is of a red lace thong underwear. The thong is made of a delicate lace fabric and has a low-rise waistband with a scalloped edge. The fabric appears to be soft and stretchy, with a subtle sheen that catches the light. The waistband is slightly flared at the top, creating a flattering silhouette. The background is plain white, making the red color of the underwear stand out.""}",0.2905797101449275
florence2,negative,Ladieswear || Dress || Dresses Ladies || Red || Solid,data\images\0798407002.jpg,"{""product_type"": ""The image is of a red lace thong underwear. The thong is made of a delicate lace fabric and has a low-rise waistband with a scalloped edge. The fabric appears to be soft and stretchy, with a subtle sheen that catches the light. The waistband is slightly flared at the top, creating a flattering silhouette. The background is plain white, making the red color of the underwear stand out."", ""colour_family"": ""The image is of a red lace thong underwear. The thong is made of a delicate lace fabric and has a low-rise waistband with a scalloped edge. The fabric appears to be soft and stretchy, with a subtle sheen that catches the light. The waistband is slightly flared at the top, creating a flattering silhouette. The background is plain white, making the red color of the underwear stand out."", ""graphical_treatment"": ""The image is of a red lace thong underwear. The thong is made of a delicate lace fabric and has a low-rise waistband with a scalloped edge. The fabric appears to be soft and stretchy, with a subtle sheen that catches the light. The waistband is slightly flared at the top, creating a flattering silhouette. The background is plain white, making the red color of the underwear stand out.""}",0.2833333333333333
florence2,positive,"Ladieswear || Underwear bottom || Under-, Nightwear || Red || Solid",data\images\0826955010.jpg,"{""product_type"": ""The image is of a pair of women's underwear in a coral pink color. The underwear is made of a soft, lace-like fabric and has a low-rise waistband with a ribbed texture. The front of the underwear has a V-neckline with a lace trim along the edges. The fabric appears to be soft and stretchy, with a subtle sheen. The background is plain white, making the underwear stand out."", ""colour_family"": ""The image is of a pair of women's underwear in a coral pink color. The underwear is made of a soft, lace-like fabric and has a low-rise waistband with a ribbed texture. The front of the underwear has a V-neckline with a lace trim along the edges. The fabric appears to be soft and stretchy, with a subtle sheen. The background is plain white, making the underwear stand out."", ""graphical_treatment"": ""The image is of a pair of women's underwear in a coral pink color. The underwear is made of a soft, lace-like fabric and has a low-rise waistband with a ribbed texture. The front of the underwear has a V-neckline with a lace trim along the edges. The fabric appears to be soft and stretchy, with a subtle sheen. The background is plain white, making the underwear stand out.""}",0.007575757575757576
florence2,negative,Ladieswear || Dress || Dresses Ladies || Red || Solid,data\images\0826955010.jpg,"{""product_type"": ""The image is of a pair of women's underwear in a coral pink color. The underwear is made of a soft, lace-like fabric and has a low-rise waistband with a ribbed texture. The front of the underwear has a V-neckline with a lace trim along the edges. The fabric appears to be soft and stretchy, with a subtle sheen. The background is plain white, making the underwear stand out."", ""colour_family"": ""The image is of a pair of women's underwear in a coral pink color. The underwear is made of a soft, lace-like fabric and has a low-rise waistband with a ribbed texture. The front of the underwear has a V-neckline with a lace trim along the edges. The fabric appears to be soft and stretchy, with a subtle sheen. The background is plain white, making the underwear stand out."", ""graphical_treatment"": ""The image is of a pair of women's underwear in a coral pink color. The underwear is made of a soft, lace-like fabric and has a low-rise waistband with a ribbed texture. The front of the underwear has a V-neckline with a lace trim along the edges. The fabric appears to be soft and stretchy, with a subtle sheen. The background is plain white, making the underwear stand out.""}",0.0
florence2,positive,"Ladieswear || Underwear bottom || Under-, Nightwear || Red || Solid",data\images\0736531016.jpg,"{""product_type"": ""The image is of a red lace thong underwear. The thong is made of a soft, delicate lace fabric and has a low-rise waistband. The lace is intricately designed with a floral pattern in shades of pink, red, and white. The fabric appears to be soft and stretchy, with a slight sheen to it. The background is plain white, making the thong stand out."", ""colour_family"": ""The image is of a red lace thong underwear. The thong is made of a soft, delicate lace fabric and has a low-rise waistband. The lace is intricately designed with a floral pattern in shades of pink, red, and white. The fabric appears to be soft and stretchy, with a slight sheen to it. The background is plain white, making the thong stand out."", ""graphical_treatment"": ""The image is of a red lace thong underwear. The thong is made of a soft, delicate lace fabric and has a low-rise waistband. The lace is intricately designed with a floral pattern in shades of pink, red, and white. The fabric appears to be soft and stretchy, with a slight sheen to it. The background is plain white, making the thong stand out.""}",0.2833333333333333
florence2,negative,Ladieswear || Dress || Dresses Ladies || Red || Solid,data\images\0736531016.jpg,"{""product_type"": ""The image is of a red lace thong underwear. The thong is made of a soft, delicate lace fabric and has a low-rise waistband. The lace is intricately designed with a floral pattern in shades of pink, red, and white. The fabric appears to be soft and stretchy, with a slight sheen to it. The background is plain white, making the thong stand out."", ""colour_family"": ""The image is of a red lace thong underwear. The thong is made of a soft, delicate lace fabric and has a low-rise waistband. The lace is intricately designed with a floral pattern in shades of pink, red, and white. The fabric appears to be soft and stretchy, with a slight sheen to it. The background is plain white, making the thong stand out."", ""graphical_treatment"": ""The image is of a red lace thong underwear. The thong is made of a soft, delicate lace fabric and has a low-rise waistband. The lace is intricately designed with a floral pattern in shades of pink, red, and white. The fabric appears to be soft and stretchy, with a slight sheen to it. The background is plain white, making the thong stand out.""}",0.2833333333333333
florence2,positive,"Ladieswear || Underwear bottom || Under-, Nightwear || Red || Solid",data\images\0798416002.jpg,"{""product_type"": ""The image is of a red lace thong with two red ribbons tied around the waist. The thong is made of a delicate lace fabric with a floral pattern in shades of red and white. The ribbons are tied in a bow at the top, creating a symmetrical and elegant look. The background is plain white, making the red color of the thong stand out."", ""colour_family"": ""The image is of a red lace thong with two red ribbons tied around the waist. The thong is made of a delicate lace fabric with a floral pattern in shades of red and white. The ribbons are tied in a bow at the top, creating a symmetrical and elegant look. The background is plain white, making the red color of the thong stand out."", ""graphical_treatment"": ""The image is of a red lace thong with two red ribbons tied around the waist. The thong is made of a delicate lace fabric with a floral pattern in shades of red and white. The ribbons are tied in a bow at the top, creating a symmetrical and elegant look. The background is plain white, making the red color of the thong stand out.""}",0.2833333333333333
florence2,negative,Ladieswear || Dress || Dresses Ladies || Red || Solid,data\images\0798416002.jpg,"{""product_type"": ""The image is of a red lace thong with two red ribbons tied around the waist. The thong is made of a delicate lace fabric with a floral pattern in shades of red and white. The ribbons are tied in a bow at the top, creating a symmetrical and elegant look. The background is plain white, making the red color of the thong stand out."", ""colour_family"": ""The image is of a red lace thong with two red ribbons tied around the waist. The thong is made of a delicate lace fabric with a floral pattern in shades of red and white. The ribbons are tied in a bow at the top, creating a symmetrical and elegant look. The background is plain white, making the red color of the thong stand out."", ""graphical_treatment"": ""The image is of a red lace thong with two red ribbons tied around the waist. The thong is made of a delicate lace fabric with a floral pattern in shades of red and white. The ribbons are tied in a bow at the top, creating a symmetrical and elegant look. The background is plain white, making the red color of the thong stand out.""}",0.2833333333333333
florence2,positive,"Ladieswear || Underwear bottom || Under-, Nightwear || Red || Solid",data\images\0841185002.jpg,"{""product_type"": ""The image is of a pair of pink lace underwear. The underwear is a low-rise style with a thong-style waistband. The lace is intricately designed with a scalloped edge and a floral pattern. The fabric appears to be soft and delicate, with a subtle sheen. The waistband is slightly flared at the bottom, creating a flattering silhouette. The overall look of the underwear is feminine and feminine."", ""colour_family"": ""The image is of a pair of pink lace underwear. The underwear is a low-rise style with a thong-style waistband. The lace is intricately designed with a scalloped edge and a floral pattern. The fabric appears to be soft and delicate, with a subtle sheen. The waistband is slightly flared at the bottom, creating a flattering silhouette. The overall look of the underwear is feminine and feminine."", ""graphical_treatment"": ""The image is of a pair of pink lace underwear. The underwear is a low-rise style with a thong-style waistband. The lace is intricately designed with a scalloped edge and a floral pattern. The fabric appears to be soft and delicate, with a subtle sheen. The waistband is slightly flared at the bottom, creating a flattering silhouette. The overall look of the underwear is feminine and feminine.""}",0.29883720930232555
florence2,negative,Ladieswear || Dress || Dresses Ladies || Red || Solid,data\images\0841185002.jpg,"{""product_type"": ""The image is of a pair of pink lace underwear. The underwear is a low-rise style with a thong-style waistband. The lace is intricately designed with a scalloped edge and a floral pattern. The fabric appears to be soft and delicate, with a subtle sheen. The waistband is slightly flared at the bottom, creating a flattering silhouette. The overall look of the underwear is feminine and feminine."", ""colour_family"": ""The image is of a pair of pink lace underwear. The underwear is a low-rise style with a thong-style waistband. The lace is intricately designed with a scalloped edge and a floral pattern. The fabric appears to be soft and delicate, with a subtle sheen. The waistband is slightly flared at the bottom, creating a flattering silhouette. The overall look of the underwear is feminine and feminine."", ""graphical_treatment"": ""The image is of a pair of pink lace underwear. The underwear is a low-rise style with a thong-style waistband. The lace is intricately designed with a scalloped edge and a floral pattern. The fabric appears to be soft and delicate, with a subtle sheen. The waistband is slightly flared at the bottom, creating a flattering silhouette. The overall look of the underwear is feminine and feminine.""}",0.2833333333333333
florence2,positive,Ladieswear || Sweater || Knitwear || Beige || Melange,data\images\0863646003.jpg,"{""product_type"": ""The image is of a beige-colored sweater with a V-neck and long sleeves. The sweater appears to be made of a soft, knitted fabric and has a relaxed fit. It has a round neckline and a slightly flared hemline. The color of the sweater is a warm, earthy beige with a subtle sheen. There is a small white label on the front of the neckline with the brand name \""J.Crew\"" written in"", ""colour_family"": ""The image is of a beige-colored sweater with a V-neck and long sleeves. The sweater appears to be made of a soft, knitted fabric and has a relaxed fit. It has a round neckline and a slightly flared hemline. The color of the sweater is a warm, earthy beige with a subtle sheen. There is a small white label on the front of the neckline with the brand name \""J.Crew\"" written in"", ""graphical_treatment"": ""The image is of a beige-colored sweater with a V-neck and long sleeves. The sweater appears to be made of a soft, knitted fabric and has a relaxed fit. It has a round neckline and a slightly flared hemline. The color of the sweater is a warm, earthy beige with a subtle sheen. There is a small white label on the front of the neckline with the brand name \""J.Crew\"" written in""}",0.5666666666666667
florence2,negative,Ladieswear || T-shirt || Jersey Basic || Black || Solid,data\images\0863646003.jpg,"{""product_type"": ""The image is of a beige-colored sweater with a V-neck and long sleeves. The sweater appears to be made of a soft, knitted fabric and has a relaxed fit. It has a round neckline and a slightly flared hemline. The color of the sweater is a warm, earthy beige with a subtle sheen. There is a small white label on the front of the neckline with the brand name \""J.Crew\"" written in"", ""colour_family"": ""The image is of a beige-colored sweater with a V-neck and long sleeves. The sweater appears to be made of a soft, knitted fabric and has a relaxed fit. It has a round neckline and a slightly flared hemline. The color of the sweater is a warm, earthy beige with a subtle sheen. There is a small white label on the front of the neckline with the brand name \""J.Crew\"" written in"", ""graphical_treatment"": ""The image is of a beige-colored sweater with a V-neck and long sleeves. The sweater appears to be made of a soft, knitted fabric and has a relaxed fit. It has a round neckline and a slightly flared hemline. The color of the sweater is a warm, earthy beige with a subtle sheen. There is a small white label on the front of the neckline with the brand name \""J.Crew\"" written in""}",0.0
florence2,positive,Ladieswear || Sweater || Knitwear || Beige || Melange,data\images\0873276004.jpg,"{""product_type"": ""The image is of a beige-colored sweater with a high neckline and long sleeves. The sweater appears to be made of a soft, knitted fabric and has a ribbed texture. The neckline is cinched at the waist with a small bow, creating a flattering silhouette. The sleeves are slightly flared at the ends, giving the sweater a relaxed and casual look. The overall style of the sweater is loose-fitting and comfortable."", ""colour_family"": ""The image is of a beige-colored sweater with a high neckline and long sleeves. The sweater appears to be made of a soft, knitted fabric and has a ribbed texture. The neckline is cinched at the waist with a small bow, creating a flattering silhouette. The sleeves are slightly flared at the ends, giving the sweater a relaxed and casual look. The overall style of the sweater is loose-fitting and comfortable."", ""graphical_treatment"": ""The image is of a beige-colored sweater with a high neckline and long sleeves. The sweater appears to be made of a soft, knitted fabric and has a ribbed texture. The neckline is cinched at the waist with a small bow, creating a flattering silhouette. The sleeves are slightly flared at the ends, giving the sweater a relaxed and casual look. The overall style of the sweater is loose-fitting and comfortable.""}",0.5666666666666667
florence2,negative,Ladieswear || T-shirt || Jersey Basic || Black || Solid,data\images\0873276004.jpg,"{""product_type"": ""The image is of a beige-colored sweater with a high neckline and long sleeves. The sweater appears to be made of a soft, knitted fabric and has a ribbed texture. The neckline is cinched at the waist with a small bow, creating a flattering silhouette. The sleeves are slightly flared at the ends, giving the sweater a relaxed and casual look. The overall style of the sweater is loose-fitting and comfortable."", ""colour_family"": ""The image is of a beige-colored sweater with a high neckline and long sleeves. The sweater appears to be made of a soft, knitted fabric and has a ribbed texture. The neckline is cinched at the waist with a small bow, creating a flattering silhouette. The sleeves are slightly flared at the ends, giving the sweater a relaxed and casual look. The overall style of the sweater is loose-fitting and comfortable."", ""graphical_treatment"": ""The image is of a beige-colored sweater with a high neckline and long sleeves. The sweater appears to be made of a soft, knitted fabric and has a ribbed texture. The neckline is cinched at the waist with a small bow, creating a flattering silhouette. The sleeves are slightly flared at the ends, giving the sweater a relaxed and casual look. The overall style of the sweater is loose-fitting and comfortable.""}",0.0
florence2,positive,Ladieswear || Sweater || Knitwear || Beige || Melange,data\images\0795975004.jpg,"{""product_type"": ""The image is of a beige-colored long-sleeved cardigan sweater. The cardigan has a V-neckline and is made of a ribbed knit fabric. It has a button-down front with three gold-colored buttons. The sleeves are long and the cardigan appears to be relaxed and comfortable. The background is plain white."", ""colour_family"": ""The image is of a beige-colored long-sleeved cardigan sweater. The cardigan has a V-neckline and is made of a ribbed knit fabric. It has a button-down front with three gold-colored buttons. The sleeves are long and the cardigan appears to be relaxed and comfortable. The background is plain white."", ""graphical_treatment"": ""The image is of a beige-colored long-sleeved cardigan sweater. The cardigan has a V-neckline and is made of a ribbed knit fabric. It has a button-down front with three gold-colored buttons. The sleeves are long and the cardigan appears to be relaxed and comfortable. The background is plain white.""}",0.5666666666666667
florence2,negative,Ladieswear || T-shirt || Jersey Basic || Black || Solid,data\images\0795975004.jpg,"{""product_type"": ""The image is of a beige-colored long-sleeved cardigan sweater. The cardigan has a V-neckline and is made of a ribbed knit fabric. It has a button-down front with three gold-colored buttons. The sleeves are long and the cardigan appears to be relaxed and comfortable. The background is plain white."", ""colour_family"": ""The image is of a beige-colored long-sleeved cardigan sweater. The cardigan has a V-neckline and is made of a ribbed knit fabric. It has a button-down front with three gold-colored buttons. The sleeves are long and the cardigan appears to be relaxed and comfortable. The background is plain white."", ""graphical_treatment"": ""The image is of a beige-colored long-sleeved cardigan sweater. The cardigan has a V-neckline and is made of a ribbed knit fabric. It has a button-down front with three gold-colored buttons. The sleeves are long and the cardigan appears to be relaxed and comfortable. The background is plain white.""}",0.0
florence2,positive,Ladieswear || Sweater || Knitwear || Beige || Melange,data\images\0873274002.jpg,"{""product_type"": ""The image is of a beige-colored sweater with a high neck and long sleeves. The sweater appears to be made of a soft, knitted fabric and has a relaxed fit. The neckline is high and the sleeves are slightly flared at the shoulders. The hemline of the sweater is slightly longer than the waistline and falls below the hips. The overall style of the outfit is casual and comfortable."", ""colour_family"": ""The image is of a beige-colored sweater with a high neck and long sleeves. The sweater appears to be made of a soft, knitted fabric and has a relaxed fit. The neckline is high and the sleeves are slightly flared at the shoulders. The hemline of the sweater is slightly longer than the waistline and falls below the hips. The overall style of the outfit is casual and comfortable."", ""graphical_treatment"": ""The image is of a beige-colored sweater with a high neck and long sleeves. The sweater appears to be made of a soft, knitted fabric and has a relaxed fit. The neckline is high and the sleeves are slightly flared at the shoulders. The hemline of the sweater is slightly longer than the waistline and falls below the hips. The overall style of the outfit is casual and comfortable.""}",0.5666666666666667
florence2,negative,Ladieswear || T-shirt || Jersey Basic || Black || Solid,data\images\0873274002.jpg,"{""product_type"": ""The image is of a beige-colored sweater with a high neck and long sleeves. The sweater appears to be made of a soft, knitted fabric and has a relaxed fit. The neckline is high and the sleeves are slightly flared at the shoulders. The hemline of the sweater is slightly longer than the waistline and falls below the hips. The overall style of the outfit is casual and comfortable."", ""colour_family"": ""The image is of a beige-colored sweater with a high neck and long sleeves. The sweater appears to be made of a soft, knitted fabric and has a relaxed fit. The neckline is high and the sleeves are slightly flared at the shoulders. The hemline of the sweater is slightly longer than the waistline and falls below the hips. The overall style of the outfit is casual and comfortable."", ""graphical_treatment"": ""The image is of a beige-colored sweater with a high neck and long sleeves. The sweater appears to be made of a soft, knitted fabric and has a relaxed fit. The neckline is high and the sleeves are slightly flared at the shoulders. The hemline of the sweater is slightly longer than the waistline and falls below the hips. The overall style of the outfit is casual and comfortable.""}",0.0
florence2,positive,Ladieswear || Sweater || Knitwear || Beige || Melange,data\images\0790645005.jpg,"{""product_type"": ""The image is of a long-sleeved, round-necked sweater in a light beige color. The sweater has a ribbed texture and appears to be made of a soft, textured fabric. It has a round neckline and long sleeves. The front of the sweater is plain and has a small white label with the brand name \""J.Crew\"" written on it. The background is plain white."", ""colour_family"": ""The image is of a long-sleeved, round-necked sweater in a light beige color. The sweater has a ribbed texture and appears to be made of a soft, textured fabric. It has a round neckline and long sleeves. The front of the sweater is plain and has a small white label with the brand name \""J.Crew\"" written on it. The background is plain white."", ""graphical_treatment"": ""The image is of a long-sleeved, round-necked sweater in a light beige color. The sweater has a ribbed texture and appears to be made of a soft, textured fabric. It has a round neckline and long sleeves. The front of the sweater is plain and has a small white label with the brand name \""J.Crew\"" written on it. The background is plain white.""}",0.5666666666666667
florence2,negative,Ladieswear || T-shirt || Jersey Basic || Black || Solid,data\images\0790645005.jpg,"{""product_type"": ""The image is of a long-sleeved, round-necked sweater in a light beige color. The sweater has a ribbed texture and appears to be made of a soft, textured fabric. It has a round neckline and long sleeves. The front of the sweater is plain and has a small white label with the brand name \""J.Crew\"" written on it. The background is plain white."", ""colour_family"": ""The image is of a long-sleeved, round-necked sweater in a light beige color. The sweater has a ribbed texture and appears to be made of a soft, textured fabric. It has a round neckline and long sleeves. The front of the sweater is plain and has a small white label with the brand name \""J.Crew\"" written on it. The background is plain white."", ""graphical_treatment"": ""The image is of a long-sleeved, round-necked sweater in a light beige color. The sweater has a ribbed texture and appears to be made of a soft, textured fabric. It has a round neckline and long sleeves. The front of the sweater is plain and has a small white label with the brand name \""J.Crew\"" written on it. The background is plain white.""}",0.0
florence2,positive,Ladieswear || Sweater || Knitwear || Beige || Melange,data\images\0842302001.jpg,"{""product_type"": ""The image is of a beige-colored sweater with a V-neck. The sweater has a round neckline and long sleeves. It appears to be made of a soft, knitted fabric and has a relaxed fit. The color of the sweater is a warm, earthy brown. The background is plain white, making the sweater stand out."", ""colour_family"": ""The image is of a beige-colored sweater with a V-neck. The sweater has a round neckline and long sleeves. It appears to be made of a soft, knitted fabric and has a relaxed fit. The color of the sweater is a warm, earthy brown. The background is plain white, making the sweater stand out."", ""graphical_treatment"": ""The image is of a beige-colored sweater with a V-neck. The sweater has a round neckline and long sleeves. It appears to be made of a soft, knitted fabric and has a relaxed fit. The color of the sweater is a warm, earthy brown. The background is plain white, making the sweater stand out.""}",0.5666666666666667
florence2,negative,Ladieswear || T-shirt || Jersey Basic || Black || Solid,data\images\0842302001.jpg,"{""product_type"": ""The image is of a beige-colored sweater with a V-neck. The sweater has a round neckline and long sleeves. It appears to be made of a soft, knitted fabric and has a relaxed fit. The color of the sweater is a warm, earthy brown. The background is plain white, making the sweater stand out."", ""colour_family"": ""The image is of a beige-colored sweater with a V-neck. The sweater has a round neckline and long sleeves. It appears to be made of a soft, knitted fabric and has a relaxed fit. The color of the sweater is a warm, earthy brown. The background is plain white, making the sweater stand out."", ""graphical_treatment"": ""The image is of a beige-colored sweater with a V-neck. The sweater has a round neckline and long sleeves. It appears to be made of a soft, knitted fabric and has a relaxed fit. The color of the sweater is a warm, earthy brown. The background is plain white, making the sweater stand out.""}",0.0
florence2,positive,Ladieswear || Dress || Dresses Ladies || Red || Solid,data\images\0734435004.jpg,"{""product_type"": ""The image is of a red dress. The dress has a round neckline with a tie detail at the neckline. It has short sleeves with ruffled details on the shoulders. The skirt of the dress is gathered at the waist and falls below the knees. The fabric appears to be lightweight and flowy, with a subtle sheen. The background is plain white, making the dress stand out."", ""colour_family"": ""The image is of a red dress. The dress has a round neckline with a tie detail at the neckline. It has short sleeves with ruffled details on the shoulders. The skirt of the dress is gathered at the waist and falls below the knees. The fabric appears to be lightweight and flowy, with a subtle sheen. The background is plain white, making the dress stand out."", ""graphical_treatment"": ""The image is of a red dress. The dress has a round neckline with a tie detail at the neckline. It has short sleeves with ruffled details on the shoulders. The skirt of the dress is gathered at the waist and falls below the knees. The fabric appears to be lightweight and flowy, with a subtle sheen. The background is plain white, making the dress stand out.""}",0.5666666666666667
florence2,negative,Ladieswear || Sweater || Knitwear || Beige || Melange,data\images\0734435004.jpg,"{""product_type"": ""The image is of a red dress. The dress has a round neckline with a tie detail at the neckline. It has short sleeves with ruffled details on the shoulders. The skirt of the dress is gathered at the waist and falls below the knees. The fabric appears to be lightweight and flowy, with a subtle sheen. The background is plain white, making the dress stand out."", ""colour_family"": ""The image is of a red dress. The dress has a round neckline with a tie detail at the neckline. It has short sleeves with ruffled details on the shoulders. The skirt of the dress is gathered at the waist and falls below the knees. The fabric appears to be lightweight and flowy, with a subtle sheen. The background is plain white, making the dress stand out."", ""graphical_treatment"": ""The image is of a red dress. The dress has a round neckline with a tie detail at the neckline. It has short sleeves with ruffled details on the shoulders. The skirt of the dress is gathered at the waist and falls below the knees. The fabric appears to be lightweight and flowy, with a subtle sheen. The background is plain white, making the dress stand out.""}",0.0
florence2,positive,Ladieswear || Dress || Dresses Ladies || Red || Solid,data\images\0868762002.jpg,"{""product_type"": ""The image is of a red dress with a round neckline and short sleeves. The dress is made of a lightweight fabric and has a flowy silhouette. It has a tie waist at the waist, creating a flattering silhouette. The waistline is cinched with a thin belt, adding a touch of elegance to the dress. The sleeves are slightly flared at the shoulders, giving the dress a feminine and feminine look. The color of the dress is a bright, vibrant"", ""colour_family"": ""The image is of a red dress with a round neckline and short sleeves. The dress is made of a lightweight fabric and has a flowy silhouette. It has a tie waist at the waist, creating a flattering silhouette. The waistline is cinched with a thin belt, adding a touch of elegance to the dress. The sleeves are slightly flared at the shoulders, giving the dress a feminine and feminine look. The color of the dress is a bright, vibrant"", ""graphical_treatment"": ""The image is of a red dress with a round neckline and short sleeves. The dress is made of a lightweight fabric and has a flowy silhouette. It has a tie waist at the waist, creating a flattering silhouette. The waistline is cinched with a thin belt, adding a touch of elegance to the dress. The sleeves are slightly flared at the shoulders, giving the dress a feminine and feminine look. The color of the dress is a bright, vibrant""}",0.5666666666666667
florence2,negative,Ladieswear || Sweater || Knitwear || Beige || Melange,data\images\0868762002.jpg,"{""product_type"": ""The image is of a red dress with a round neckline and short sleeves. The dress is made of a lightweight fabric and has a flowy silhouette. It has a tie waist at the waist, creating a flattering silhouette. The waistline is cinched with a thin belt, adding a touch of elegance to the dress. The sleeves are slightly flared at the shoulders, giving the dress a feminine and feminine look. The color of the dress is a bright, vibrant"", ""colour_family"": ""The image is of a red dress with a round neckline and short sleeves. The dress is made of a lightweight fabric and has a flowy silhouette. It has a tie waist at the waist, creating a flattering silhouette. The waistline is cinched with a thin belt, adding a touch of elegance to the dress. The sleeves are slightly flared at the shoulders, giving the dress a feminine and feminine look. The color of the dress is a bright, vibrant"", ""graphical_treatment"": ""The image is of a red dress with a round neckline and short sleeves. The dress is made of a lightweight fabric and has a flowy silhouette. It has a tie waist at the waist, creating a flattering silhouette. The waistline is cinched with a thin belt, adding a touch of elegance to the dress. The sleeves are slightly flared at the shoulders, giving the dress a feminine and feminine look. The color of the dress is a bright, vibrant""}",0.0
florence2,positive,Ladieswear || Dress || Dresses Ladies || Red || Solid,data\images\0861848004.jpg,"{""product_type"": ""The image is of a red dress with a square neckline and short sleeves. The dress has a button-down front with a tie at the waist, creating a flattering silhouette. The skirt of the dress is flared and falls below the knees. The fabric appears to be lightweight and flowy, with a subtle sheen. The sleeves are gathered at the shoulders, giving the dress a feminine and feminine look. The waistline is cinched with a belt, adding"", ""colour_family"": ""The image is of a red dress with a square neckline and short sleeves. The dress has a button-down front with a tie at the waist, creating a flattering silhouette. The skirt of the dress is flared and falls below the knees. The fabric appears to be lightweight and flowy, with a subtle sheen. The sleeves are gathered at the shoulders, giving the dress a feminine and feminine look. The waistline is cinched with a belt, adding"", ""graphical_treatment"": ""The image is of a red dress with a square neckline and short sleeves. The dress has a button-down front with a tie at the waist, creating a flattering silhouette. The skirt of the dress is flared and falls below the knees. The fabric appears to be lightweight and flowy, with a subtle sheen. The sleeves are gathered at the shoulders, giving the dress a feminine and feminine look. The waistline is cinched with a belt, adding""}",0.5666666666666667
florence2,negative,Ladieswear || Sweater || Knitwear || Beige || Melange,data\images\0861848004.jpg,"{""product_type"": ""The image is of a red dress with a square neckline and short sleeves. The dress has a button-down front with a tie at the waist, creating a flattering silhouette. The skirt of the dress is flared and falls below the knees. The fabric appears to be lightweight and flowy, with a subtle sheen. The sleeves are gathered at the shoulders, giving the dress a feminine and feminine look. The waistline is cinched with a belt, adding"", ""colour_family"": ""The image is of a red dress with a square neckline and short sleeves. The dress has a button-down front with a tie at the waist, creating a flattering silhouette. The skirt of the dress is flared and falls below the knees. The fabric appears to be lightweight and flowy, with a subtle sheen. The sleeves are gathered at the shoulders, giving the dress a feminine and feminine look. The waistline is cinched with a belt, adding"", ""graphical_treatment"": ""The image is of a red dress with a square neckline and short sleeves. The dress has a button-down front with a tie at the waist, creating a flattering silhouette. The skirt of the dress is flared and falls below the knees. The fabric appears to be lightweight and flowy, with a subtle sheen. The sleeves are gathered at the shoulders, giving the dress a feminine and feminine look. The waistline is cinched with a belt, adding""}",0.0
florence2,positive,Ladieswear || Dress || Dresses Ladies || Red || Solid,data\images\0822158003.jpg,"{""product_type"": ""The image is of a red dress with a V-neckline and short sleeves. The dress is made of a shiny, satin-like fabric and has a flowy skirt that falls below the knees. The waistline is cinched with a thin belt, creating a flattering silhouette. The sleeves are slightly flared at the shoulders, giving the dress a feminine and elegant look. The fabric appears to be lightweight and flowy, making it perfect for a summer day"", ""colour_family"": ""The image is of a red dress with a V-neckline and short sleeves. The dress is made of a shiny, satin-like fabric and has a flowy skirt that falls below the knees. The waistline is cinched with a thin belt, creating a flattering silhouette. The sleeves are slightly flared at the shoulders, giving the dress a feminine and elegant look. The fabric appears to be lightweight and flowy, making it perfect for a summer day"", ""graphical_treatment"": ""The image is of a red dress with a V-neckline and short sleeves. The dress is made of a shiny, satin-like fabric and has a flowy skirt that falls below the knees. The waistline is cinched with a thin belt, creating a flattering silhouette. The sleeves are slightly flared at the shoulders, giving the dress a feminine and elegant look. The fabric appears to be lightweight and flowy, making it perfect for a summer day""}",0.5666666666666667
florence2,negative,Ladieswear || Sweater || Knitwear || Beige || Melange,data\images\0822158003.jpg,"{""product_type"": ""The image is of a red dress with a V-neckline and short sleeves. The dress is made of a shiny, satin-like fabric and has a flowy skirt that falls below the knees. The waistline is cinched with a thin belt, creating a flattering silhouette. The sleeves are slightly flared at the shoulders, giving the dress a feminine and elegant look. The fabric appears to be lightweight and flowy, making it perfect for a summer day"", ""colour_family"": ""The image is of a red dress with a V-neckline and short sleeves. The dress is made of a shiny, satin-like fabric and has a flowy skirt that falls below the knees. The waistline is cinched with a thin belt, creating a flattering silhouette. The sleeves are slightly flared at the shoulders, giving the dress a feminine and elegant look. The fabric appears to be lightweight and flowy, making it perfect for a summer day"", ""graphical_treatment"": ""The image is of a red dress with a V-neckline and short sleeves. The dress is made of a shiny, satin-like fabric and has a flowy skirt that falls below the knees. The waistline is cinched with a thin belt, creating a flattering silhouette. The sleeves are slightly flared at the shoulders, giving the dress a feminine and elegant look. The fabric appears to be lightweight and flowy, making it perfect for a summer day""}",0.0
florence2,positive,Ladieswear || Dress || Dresses Ladies || Red || Solid,data\images\0891532002.jpg,"{""product_type"": ""The image is of a long, flowy dress in a coral pink color. The dress has a deep V-neckline with a tie detail at the neckline, creating a flattering silhouette. The waistline is cinched with a thin belt, and the dress has short, ruffled sleeves on the shoulders. The skirt of the dress is full and flows down to the floor. The fabric appears to be lightweight and flowy, with a subtle sheen"", ""colour_family"": ""The image is of a long, flowy dress in a coral pink color. The dress has a deep V-neckline with a tie detail at the neckline, creating a flattering silhouette. The waistline is cinched with a thin belt, and the dress has short, ruffled sleeves on the shoulders. The skirt of the dress is full and flows down to the floor. The fabric appears to be lightweight and flowy, with a subtle sheen"", ""graphical_treatment"": ""The image is of a long, flowy dress in a coral pink color. The dress has a deep V-neckline with a tie detail at the neckline, creating a flattering silhouette. The waistline is cinched with a thin belt, and the dress has short, ruffled sleeves on the shoulders. The skirt of the dress is full and flows down to the floor. The fabric appears to be lightweight and flowy, with a subtle sheen""}",0.2833333333333333
florence2,negative,Ladieswear || Sweater || Knitwear || Beige || Melange,data\images\0891532002.jpg,"{""product_type"": ""The image is of a long, flowy dress in a coral pink color. The dress has a deep V-neckline with a tie detail at the neckline, creating a flattering silhouette. The waistline is cinched with a thin belt, and the dress has short, ruffled sleeves on the shoulders. The skirt of the dress is full and flows down to the floor. The fabric appears to be lightweight and flowy, with a subtle sheen"", ""colour_family"": ""The image is of a long, flowy dress in a coral pink color. The dress has a deep V-neckline with a tie detail at the neckline, creating a flattering silhouette. The waistline is cinched with a thin belt, and the dress has short, ruffled sleeves on the shoulders. The skirt of the dress is full and flows down to the floor. The fabric appears to be lightweight and flowy, with a subtle sheen"", ""graphical_treatment"": ""The image is of a long, flowy dress in a coral pink color. The dress has a deep V-neckline with a tie detail at the neckline, creating a flattering silhouette. The waistline is cinched with a thin belt, and the dress has short, ruffled sleeves on the shoulders. The skirt of the dress is full and flows down to the floor. The fabric appears to be lightweight and flowy, with a subtle sheen""}",0.0
florence2,positive,Ladieswear || Dress || Dresses Ladies || Red || Solid,data\images\0844799001.jpg,"{""product_type"": ""The image is of a red dress. The dress has a round neckline with a V-neckline and short sleeves. The waistline is cinched with a silver belt. The skirt of the dress is flared and falls below the knees. The fabric appears to be lightweight and has a subtle sheen. The background is plain white."", ""colour_family"": ""The image is of a red dress. The dress has a round neckline with a V-neckline and short sleeves. The waistline is cinched with a silver belt. The skirt of the dress is flared and falls below the knees. The fabric appears to be lightweight and has a subtle sheen. The background is plain white."", ""graphical_treatment"": ""The image is of a red dress. The dress has a round neckline with a V-neckline and short sleeves. The waistline is cinched with a silver belt. The skirt of the dress is flared and falls below the knees. The fabric appears to be lightweight and has a subtle sheen. The background is plain white.""}",0.5666666666666667
florence2,negative,Ladieswear || Sweater || Knitwear || Beige || Melange,data\images\0844799001.jpg,"{""product_type"": ""The image is of a red dress. The dress has a round neckline with a V-neckline and short sleeves. The waistline is cinched with a silver belt. The skirt of the dress is flared and falls below the knees. The fabric appears to be lightweight and has a subtle sheen. The background is plain white."", ""colour_family"": ""The image is of a red dress. The dress has a round neckline with a V-neckline and short sleeves. The waistline is cinched with a silver belt. The skirt of the dress is flared and falls below the knees. The fabric appears to be lightweight and has a subtle sheen. The background is plain white."", ""graphical_treatment"": ""The image is of a red dress. The dress has a round neckline with a V-neckline and short sleeves. The waistline is cinched with a silver belt. The skirt of the dress is flared and falls below the knees. The fabric appears to be lightweight and has a subtle sheen. The background is plain white.""}",0.0
