method,metric,n_origins,mean,ci_lo,ci_hi
ewma_persistence,hit_at_3_in_top20,48,0.2708333333333333,0.20833333333333334,0.4236111111111111
ewma_persistence,hit_at_3_in_top10,48,0.18055555555555555,0.15277777777777776,0.2916666666666667
ewma_persistence,precision_at_3,48,0.006944444444444444,0.0,0.020833333333333332
ewma_persistence,precision_at_10,48,0.13333333333333333,0.11458333333333333,0.19375
ewma_persistence,ndcg_at_10,48,0.8073680057852934,0.7596471130910342,0.8663653626693957
ewma_persistence,spearman_rho,48,0.5939593956343566,0.5426346664703091,0.6225776316742465
ewma_persistence,wmape,48,0.19549414049311223,0.17224181391710544,0.22393639222407521
ewma_persistence,demand_capture_at_3,48,0.4590950509359017,0.3847009411078975,0.5845397079244876
ewma_persistence,demand_capture_at_10,48,0.4916209741708954,0.4110643602306248,0.5862794713726265
ewma_persistence,demand_capture_at_20,48,0.5001079781938317,0.4076245662603446,0.5947358400860141
ewma_persistence,tolerance_hit_at_3,48,0.0625,0.020833333333333332,0.13888888888888887
global_mean,hit_at_3_in_top20,48,0.0,0.0,0.0
global_mean,hit_at_3_in_top10,48,0.0,0.0,0.0
global_mean,precision_at_3,48,0.0,0.0,0.0
global_mean,precision_at_10,48,0.0,0.0,0.0
global_mean,ndcg_at_10,48,0.20352167495977283,0.18205987867847376,0.21873046875074756
global_mean,spearman_rho,0,,,
global_mean,wmape,48,0.30564913819564343,0.2943928834204174,0.3239239009124733
global_mean,demand_capture_at_3,48,0.010827090203280376,0.008465668473630894,0.012190004280285036
global_mean,demand_capture_at_10,48,0.018675940571714653,0.014744764427001096,0.02179397750668878
global_mean,demand_capture_at_20,48,0.019432619633554464,0.01684509375044391,0.02115407758092972
global_mean,tolerance_hit_at_3,48,0.0,0.0,0.0
lightgbm,hit_at_3_in_top20,48,0.4305555555555555,0.40972222222222215,0.6180555555555555
lightgbm,hit_at_3_in_top10,48,0.27777777777777773,0.20833333333333334,0.4930555555555555
lightgbm,precision_at_3,48,0.048611111111111105,0.013888888888888888,0.10416666666666667
lightgbm,precision_at_10,48,0.16874999999999998,0.1395833333333333,0.2604166666666667
lightgbm,ndcg_at_10,48,0.8692191151395345,0.8523316900030024,0.907380110513534
lightgbm,spearman_rho,48,0.7101629137250752,0.6402660173600438,0.7792911394324084
lightgbm,wmape,48,0.16554000697433566,0.13402536978625576,0.19471865869981045
lightgbm,demand_capture_at_3,48,0.5689829764862392,0.5136548098722866,0.6836973670009933
lightgbm,demand_capture_at_10,48,0.5975554680159973,0.5618336978384483,0.6834403367676439
lightgbm,demand_capture_at_20,48,0.6137307408743232,0.5633721881832624,0.6992159669397149
lightgbm,tolerance_hit_at_3,48,0.13194444444444442,0.020833333333333332,0.2986111111111111
parent_category_mean,hit_at_3_in_top20,48,0.03472222222222222,0.0,0.10416666666666667
parent_category_mean,hit_at_3_in_top10,48,0.020833333333333332,0.0,0.0625
parent_category_mean,precision_at_3,48,0.0,0.0,0.0
parent_category_mean,precision_at_10,48,0.016666666666666666,0.0,0.05000000000000001
parent_category_mean,ndcg_at_10,48,0.2724740107746522,0.19020041125556264,0.4101750831073812
parent_category_mean,spearman_rho,48,0.2468134629733416,0.21643343532295178,0.2750133001239352
parent_category_mean,wmape,48,0.24550962549358293,0.23219537061337506,0.2644083828927584
parent_category_mean,demand_capture_at_3,48,0.061880457249217445,0.014226554536553158,0.1530532973831496
parent_category_mean,demand_capture_at_10,48,0.08822409515846912,0.04421762577115722,0.1543507191828139
parent_category_mean,demand_capture_at_20,48,0.09082047063794078,0.058670914516873326,0.12095399129380284
parent_category_mean,tolerance_hit_at_3,48,0.0,0.0,0.0
random_floor,hit_at_3_in_top20,48,0.005555555555555557,0.0010416666666666667,0.009722222222222222
random_floor,hit_at_3_in_top10,48,0.004166666666666667,0.0010416666666666667,0.0076388888888888895
random_floor,precision_at_3,48,0.0024305555555555556,0.0010416666666666667,0.004861111111111111
random_floor,precision_at_10,48,0.003541666666666667,0.002916666666666667,0.004166666666666667
random_floor,ndcg_at_10,48,0.4029600748959122,0.3883833454876884,0.40995350781537193
random_floor,spearman_rho,48,0.0005298875286060815,-0.0005054248163565819,0.0017836186205344277
random_floor,wmape,48,0.48432352984093674,0.4786999902429235,0.5021124929007589
random_floor,demand_capture_at_3,48,0.08365205028970722,0.07728246059529165,0.09180479870061943
random_floor,demand_capture_at_10,48,0.09998781550676643,0.0926107039809799,0.10412414817892547
random_floor,demand_capture_at_20,48,0.11417286369511633,0.10615658464406662,0.11800717174028276
random_floor,tolerance_hit_at_3,48,0.0024305555555555556,0.0010416666666666667,0.004861111111111111
seasonal_naive,hit_at_3_in_top20,42,0.39682539682539675,0.23015873015873015,0.619047619047619
seasonal_naive,hit_at_3_in_top10,42,0.3174603174603175,0.18253968253968253,0.4920634920634921
seasonal_naive,precision_at_3,42,0.07936507936507937,0.0,0.20634920634920634
seasonal_naive,precision_at_10,42,0.18095238095238095,0.11428571428571428,0.2761904761904762
seasonal_naive,ndcg_at_10,42,0.7602332361928011,0.658746478938002,0.8295778279330696
seasonal_naive,spearman_rho,42,0.5396181217780386,0.4924945148261163,0.5791645623944528
seasonal_naive,wmape,42,0.1902657342685267,0.18212953586154998,0.20364615274328896
seasonal_naive,demand_capture_at_3,42,0.46120311507000755,0.29150178871474175,0.6517923965227073
seasonal_naive,demand_capture_at_10,42,0.4565826611192841,0.3583020315415864,0.5338043633503355
seasonal_naive,demand_capture_at_20,42,0.47313826252261637,0.4026552207664255,0.523155397987364
seasonal_naive,tolerance_hit_at_3,42,0.15873015873015872,0.0,0.39702380952380845
