image,smolvlm_answer
data\images\0863646003.jpg,Solid.
data\images\0873276004.jpg,Solid.
data\images\0795975004.jpg,Solid.
data\images\0790645005.jpg,Solid.
data\images\0842302001.jpg,Solid.
data\images\0846353001.jpg,Solid.
data\images\0772785005.jpg,Solid.
data\images\0763276003.jpg,Solid.
data\images\0693246008.jpg,Solid.
data\images\0775996016.jpg,Solid.
data\images\0811913007.jpg,Solid.
data\images\0824706001.jpg,Vert.
data\images\0754323004.jpg,Solid.
data\images\0693243013.jpg,Solid.
data\images\0763270003.jpg,Checked.
data\images\0705966006.jpg,Melange.
data\images\0764563001.jpg,Ribbed.
