name,group,style,fidelity_pass,k4_gate2,binary_gate2,m_gate2,colour_pass,colour_verdict,colour_raw_threshold,colour_de,colour_threshold,mask_fallback,product_pass,product_retrieved,product_top1_style,verdict_pre_k4,verdict_k4,verdict_m
wrong_00,N4_wrong_style,Dress,false,false,false,false,false,fail,4.3,20.93,4.3,false,false,Sweater,Menswear || Sweater || Knitwear || Beige || Solid,REJECT,REJECT,REJECT
wrong_01,N4_wrong_style,Dress,false,false,false,false,false,fail,4.3,19.77,4.3,false,false,Sweater,Menswear || Sweater || Knitwear || Beige || Solid,REJECT,REJECT,REJECT
wrong_02,N4_wrong_style,Dress,false,false,false,false,false,fail,4.3,18.23,4.3,false,false,Sweater,Ladieswear || Sweater || Knitwear || Brown || Solid,REJECT,REJECT,REJECT
wrong_03,N4_wrong_style,Dress,false,false,false,false,false,fail,4.3,19.99,4.3,false,false,Sweater,Divided || Sweater || Knitwear || Orange || Solid,REJECT,REJECT,REJECT
wrong_04,N4_wrong_style,Dress,false,false,false,false,false,fail,4.3,19.23,4.3,false,false,Sweater,Ladieswear || Sweater || Knitwear || Khaki green || Melange,REJECT,REJECT,REJECT
wrong_05,N4_wrong_style,Dress,false,false,false,false,false,fail,4.3,18.87,4.3,false,false,Sweater,Divided || Sweater || Knitwear || Orange || Solid,REJECT,REJECT,REJECT
wrong_06,N4_wrong_style,Dress,false,false,false,false,false,fail,4.3,20.29,4.3,false,false,Sweater,Ladieswear || Sweater || Knitwear || Beige || Melange,REJECT,REJECT,REJECT
wrong_07,N4_wrong_style,Dress,false,false,false,false,false,fail,4.3,19.74,4.3,false,false,Sweater,Menswear || Sweater || Knitwear || Beige || Solid,REJECT,REJECT,REJECT
wrong_08,N4_wrong_style,Dress,false,false,false,false,false,fail,4.3,20.46,4.3,false,false,Sweater,Divided || Sweater || Knitwear || Orange || Solid,REJECT,REJECT,REJECT
wrong_09,N4_wrong_style,Dress,false,false,false,false,false,fail,4.3,19.34,4.3,false,false,Sweater,Menswear || Sweater || Knitwear || Beige || Solid,REJECT,REJECT,REJECT
wrong_10,N4_wrong_style,Dress,false,false,false,false,false,fail,4.3,21.43,4.3,false,false,Sweater,Menswear || Sweater || Knitwear || White || Other structure,REJECT,REJECT,REJECT
wrong_11,N4_wrong_style,Dress,false,false,false,false,false,fail,4.3,19.52,4.3,false,false,Sweater,Menswear || Sweater || Knitwear || Beige || Solid,REJECT,REJECT,REJECT
wrong_12,N4_wrong_style,Dress,false,false,false,false,false,fail,4.3,19.63,4.3,false,false,Sweater,Ladieswear || Sweater || Knitwear || Brown || Solid,REJECT,REJECT,REJECT
wrong_13,N4_wrong_style,Dress,false,false,false,false,false,fail,4.3,20.08,4.3,false,false,Sweater,Ladieswear || Sweater || Knitwear || Brown || Solid,REJECT,REJECT,REJECT
wrong_14,N4_wrong_style,Dress,false,false,false,false,false,fail,4.3,21.31,4.3,false,false,Sweater,Divided || Sweater || Knitwear || Beige || Melange,REJECT,REJECT,REJECT
wrong_15,N4_wrong_style,Dress,false,false,false,false,false,fail,4.3,19.69,4.3,false,false,Sweater,Menswear || Sweater || Knitwear || Beige || Solid,REJECT,REJECT,REJECT
wrong_16,N4_wrong_style,Dress,false,false,false,false,false,fail,4.3,20.34,4.3,false,false,Sweater,Ladieswear || Sweater || Knitwear || Brown || Solid,REJECT,REJECT,REJECT
wrong_17,N4_wrong_style,Dress,false,false,false,false,false,fail,4.3,20.81,4.3,false,false,Sweater,Ladieswear || Sweater || Knitwear || Beige || Melange,REJECT,REJECT,REJECT
wrong_18,N4_wrong_style,Dress,false,false,false,false,false,fail,4.3,21.23,4.3,false,false,Sweater,Ladieswear || Sweater || Knitwear || Brown || Solid,REJECT,REJECT,REJECT
wrong_19,N4_wrong_style,Dress,false,false,false,false,false,fail,4.3,18.84,4.3,false,false,Sweater,Ladieswear || Sweater || Knitwear || Beige || Melange,REJECT,REJECT,REJECT
wrong_20,N4_wrong_style,Dress,false,false,false,false,false,fail,4.3,19.99,4.3,false,false,Sweater,Ladieswear || Sweater || Knitwear || Beige || Melange,REJECT,REJECT,REJECT
wrong_21,N4_wrong_style,Dress,false,false,false,false,false,fail,4.3,18.91,4.3,false,false,Sweater,Menswear || Sweater || Knitwear || Beige || Solid,REJECT,REJECT,REJECT
wrong_22,N4_wrong_style,Dress,false,false,false,false,false,fail,4.3,18.91,4.3,false,false,Sweater,Menswear || Sweater || Knitwear || Beige || Solid,REJECT,REJECT,REJECT
wrong_23,N4_wrong_style,Dress,false,false,false,false,false,fail,4.3,18.71,4.3,false,false,Sweater,Ladieswear || Sweater || Knitwear || Brown || Solid,REJECT,REJECT,REJECT
wrong_24,N4_wrong_style,Top,false,false,false,false,false,fail,1.12,41.61,2.62,false,false,Dress,Baby/Children || Dress || Dresses/Skirts girls || Blue || Stripe,REJECT,REJECT,REJECT
wrong_25,N4_wrong_style,Top,false,false,false,false,false,fail,1.12,48.18,2.62,false,false,Dress,Ladieswear || Dress || Dresses Ladies || Red || Solid,REJECT,REJECT,REJECT
wrong_26,N4_wrong_style,Top,false,false,false,false,false,fail,1.12,46.33,2.62,false,false,Dress,Ladieswear || Dress || Dresses Ladies || Red || Solid,REJECT,REJECT,REJECT
wrong_27,N4_wrong_style,Top,false,false,false,false,false,fail,1.12,26.7,2.62,false,false,Dress,Ladieswear || Dress || Dresses Ladies || Red || Solid,REJECT,REJECT,REJECT
wrong_28,N4_wrong_style,Top,false,false,false,false,false,fail,1.12,44.42,2.62,false,false,Dress,Ladieswear || Dress || Dresses Ladies || Blue || Solid,REJECT,REJECT,REJECT
wrong_29,N4_wrong_style,Top,false,false,false,false,false,fail,1.12,45.32,2.62,false,false,Dress,Ladieswear || Dress || Blouses || Orange || Solid,REJECT,REJECT,REJECT
wrong_30,N4_wrong_style,Top,false,false,false,false,false,fail,1.12,48.11,2.62,false,false,Dress,Ladieswear || Dress || Dresses Ladies || Red || Solid,REJECT,REJECT,REJECT
wrong_31,N4_wrong_style,Top,true,false,false,false,false,fail,1.12,3.77,2.62,false,false,Dress,Ladieswear || Dress || Dresses Ladies || Lilac Purple || Solid,REJECT,REJECT,REJECT
wrong_32,N4_wrong_style,Top,false,false,false,false,false,fail,1.12,48.75,2.62,false,false,Dress,Divided || Dress || Unknown || Red || Solid,REJECT,REJECT,REJECT
wrong_33,N4_wrong_style,Top,false,false,false,false,false,fail,1.12,38.3,2.62,false,false,Dress,Ladieswear || Dress || Blouses || Orange || Solid,REJECT,REJECT,REJECT
wrong_34,N4_wrong_style,Top,false,false,false,false,false,fail,1.12,49.72,2.62,false,false,Dress,Ladieswear || Dress || Blouses || Orange || Solid,REJECT,REJECT,REJECT
wrong_35,N4_wrong_style,Top,false,false,false,false,false,fail,1.12,47.03,2.62,false,false,Dress,Ladieswear || Dress || Unknown || Blue || Solid,REJECT,REJECT,REJECT
wrong_36,N4_wrong_style,Top,false,false,false,false,false,fail,1.12,46.64,2.62,false,false,Dress,Ladieswear || Dress || Dresses Ladies || Red || Solid,REJECT,REJECT,REJECT
wrong_37,N4_wrong_style,Top,false,false,false,false,false,fail,1.12,33.78,2.62,false,false,Dress,Ladieswear || Dress || Jersey Fancy || Red || All over pattern,REJECT,REJECT,REJECT
wrong_38,N4_wrong_style,Top,false,false,false,false,false,fail,1.12,42.02,2.62,false,false,Dress,Baby/Children || Dress || Dresses/Skirts girls || Blue || Stripe,REJECT,REJECT,REJECT
wrong_39,N4_wrong_style,Top,false,false,false,false,false,fail,1.12,50.82,2.62,false,false,Dress,Ladieswear || Dress || Dresses Ladies || Red || Solid,REJECT,REJECT,REJECT
wrong_40,N4_wrong_style,Top,false,false,false,false,false,fail,1.12,52.39,2.62,false,false,Dress,Ladieswear || Dress || Dresses Ladies || Red || Solid,REJECT,REJECT,REJECT
wrong_41,N4_wrong_style,Top,false,false,false,false,false,fail,1.12,6.42,2.62,false,false,Dress,Ladieswear || Dress || Dresses Ladies || Red || Solid,REJECT,REJECT,REJECT
wrong_42,N4_wrong_style,Top,false,false,false,false,false,fail,1.12,50.28,2.62,false,false,Dress,Ladieswear || Dress || Unknown || Blue || Solid,REJECT,REJECT,REJECT
wrong_43,N4_wrong_style,Top,false,false,false,false,false,fail,1.12,47.68,2.62,false,false,Dress,Ladieswear || Dress || Dresses Ladies || Blue || Solid,REJECT,REJECT,REJECT
wrong_44,N4_wrong_style,Top,false,false,false,false,false,fail,1.12,49.24,2.62,false,false,Dress,Ladieswear || Dress || Blouses || Red || Solid,REJECT,REJECT,REJECT
wrong_45,N4_wrong_style,Top,false,false,false,false,false,fail,1.12,36.39,2.62,false,false,Dress,Ladieswear || Dress || Blouses || Blue || Stripe,REJECT,REJECT,REJECT
wrong_46,N4_wrong_style,Top,false,false,false,false,false,fail,1.12,44.57,2.62,false,false,Dress,Ladieswear || Dress || Blouses || Orange || Solid,REJECT,REJECT,REJECT
wrong_47,N4_wrong_style,Top,false,false,false,false,false,fail,1.12,38.29,2.62,false,false,Dress,Baby/Children || Dress || Dresses/Skirts girls || Blue || Stripe,REJECT,REJECT,REJECT
wrong_48,N4_wrong_style,Bikini top,false,false,false,false,true,pass,13.82,3.63,7.35,false,false,Top,Divided || Top || Jersey Fancy || White || Solid,REJECT,REJECT,REJECT
wrong_49,N4_wrong_style,Bikini top,false,false,false,false,true,pass,13.82,2.39,7.35,false,false,Top,Ladieswear || Top || Unknown || White || Solid,REJECT,REJECT,REJECT
wrong_50,N4_wrong_style,Bikini top,false,false,false,false,true,pass,13.82,3.06,7.35,false,false,Top,Baby/Children || Top || Jersey Basic || White || Solid,REJECT,REJECT,REJECT
wrong_51,N4_wrong_style,Bikini top,false,false,false,false,true,pass,13.82,3.08,7.35,false,false,Top,Ladieswear || Top || Unknown || White || Solid,REJECT,REJECT,REJECT
wrong_52,N4_wrong_style,Bikini top,false,false,false,false,true,pass,13.82,2.96,7.35,false,false,Top,Ladieswear || Top || Unknown || White || Solid,REJECT,REJECT,REJECT
wrong_53,N4_wrong_style,Bikini top,false,false,false,false,true,pass,13.82,2.55,7.35,false,false,Top,Ladieswear || Top || Unknown || White || Solid,REJECT,REJECT,REJECT
wrong_54,N4_wrong_style,Bikini top,false,false,false,false,true,pass,13.82,3.06,7.35,false,false,Top,Ladieswear || Top || Unknown || White || Solid,REJECT,REJECT,REJECT
wrong_55,N4_wrong_style,Bikini top,false,false,false,false,true,pass,13.82,2.95,7.35,false,false,Top,Ladieswear || Top || Unknown || White || Solid,REJECT,REJECT,REJECT
wrong_56,N4_wrong_style,Bikini top,false,false,false,false,true,pass,13.82,2.81,7.35,false,false,Top,Ladieswear || Top || Unknown || White || Solid,REJECT,REJECT,REJECT
wrong_57,N4_wrong_style,Bikini top,false,false,false,false,true,pass,13.82,3.17,7.35,false,false,Top,Ladieswear || Top || Unknown || White || Solid,REJECT,REJECT,REJECT
wrong_58,N4_wrong_style,Bikini top,false,false,false,false,true,pass,13.82,3.55,7.35,false,false,Top,Ladieswear || Top || Blouses || White || Solid,REJECT,REJECT,REJECT
wrong_59,N4_wrong_style,Bikini top,false,false,false,false,true,pass,13.82,2.73,7.35,false,false,Top,Ladieswear || Top || Unknown || White || Solid,REJECT,REJECT,REJECT
wrong_60,N4_wrong_style,Bikini top,false,false,false,false,true,pass,13.82,2.81,7.35,false,false,Top,Baby/Children || Top || Jersey Basic || White || Solid,REJECT,REJECT,REJECT
wrong_61,N4_wrong_style,Bikini top,false,false,false,false,true,pass,13.82,3.62,7.35,false,false,Top,Ladieswear || Top || Unknown || White || Solid,REJECT,REJECT,REJECT
wrong_62,N4_wrong_style,Bikini top,false,false,false,false,true,pass,13.82,2.32,7.35,false,false,Top,Ladieswear || Top || Unknown || White || Solid,REJECT,REJECT,REJECT
wrong_63,N4_wrong_style,Bikini top,false,false,false,false,true,pass,13.82,3.45,7.35,false,false,Top,Baby/Children || Top || Jersey Basic || White || Solid,REJECT,REJECT,REJECT
wrong_64,N4_wrong_style,Bikini top,false,false,false,false,true,pass,13.82,2.67,7.35,false,false,Top,Ladieswear || Top || Unknown || White || Solid,REJECT,REJECT,REJECT
wrong_65,N4_wrong_style,Bikini top,false,false,false,false,true,pass,13.82,3.07,7.35,false,false,Top,Ladieswear || Top || Unknown || White || Solid,REJECT,REJECT,REJECT
wrong_66,N4_wrong_style,Bikini top,false,false,false,false,true,pass,13.82,3.3,7.35,false,false,Top,Ladieswear || Top || Unknown || White || Solid,REJECT,REJECT,REJECT
wrong_67,N4_wrong_style,Bikini top,false,false,false,false,true,pass,13.82,3.11,7.35,false,false,Top,Ladieswear || Top || Unknown || White || Solid,REJECT,REJECT,REJECT
wrong_68,N4_wrong_style,Bikini top,false,false,false,false,true,pass,13.82,2.96,7.35,false,false,Top,Baby/Children || Top || Jersey Basic || White || Solid,REJECT,REJECT,REJECT
wrong_69,N4_wrong_style,Bikini top,false,false,false,false,true,pass,13.82,2.61,7.35,false,false,Top,Ladieswear || Top || Blouses || White || Solid,REJECT,REJECT,REJECT
wrong_70,N4_wrong_style,Bikini top,false,false,false,false,true,pass,13.82,1.66,7.35,false,false,Top,Ladieswear || Top || Unknown || White || Solid,REJECT,REJECT,REJECT
wrong_71,N4_wrong_style,Bikini top,false,false,false,false,true,pass,13.82,2.79,7.35,false,false,Top,Ladieswear || Top || Unknown || White || Solid,REJECT,REJECT,REJECT
wrong_72,N4_wrong_style,Sweater,false,false,false,false,false,fail,3.2,6.93,3.75,false,false,Bikini top,Ladieswear || Bikini top || Swimwear || Orange || All over pattern,REJECT,REJECT,REJECT
wrong_73,N4_wrong_style,Sweater,false,false,false,false,false,fail,3.2,6.04,3.75,false,false,Bikini top,Ladieswear || Bikini top || Swimwear || Red || All over pattern,REJECT,REJECT,REJECT
wrong_74,N4_wrong_style,Sweater,false,false,false,false,false,fail,3.2,4.63,3.75,false,false,Bikini top,Ladieswear || Bikini top || Swimwear || Orange || All over pattern,REJECT,REJECT,REJECT
wrong_75,N4_wrong_style,Sweater,false,false,false,false,false,fail,3.2,5.17,3.75,false,false,Bikini top,Ladieswear || Bikini top || Swimwear || Red || Lace,REJECT,REJECT,REJECT
wrong_76,N4_wrong_style,Sweater,false,false,false,false,false,escalate,3.2,4.15,3.75,false,false,Bikini top,Ladieswear || Bikini top || Swimwear || Black || All over pattern,REJECT,REJECT,REJECT
wrong_77,N4_wrong_style,Sweater,false,false,false,false,false,fail,3.2,4.71,3.75,false,false,Bikini top,Ladieswear || Bikini top || Swimwear || Black || All over pattern,REJECT,REJECT,REJECT
wrong_78,N4_wrong_style,Sweater,false,false,false,false,false,fail,3.2,6.14,3.75,false,false,Bikini top,Ladieswear || Bikini top || Swimwear || Orange || All over pattern,REJECT,REJECT,REJECT
wrong_79,N4_wrong_style,Sweater,false,false,false,false,false,fail,3.2,5.32,3.75,false,false,Bikini top,Ladieswear || Bikini top || Swimwear || Orange || All over pattern,REJECT,REJECT,REJECT
wrong_80,N4_wrong_style,Sweater,false,false,false,false,false,fail,3.2,5.11,3.75,false,false,Bikini top,Ladieswear || Bikini top || Swimwear || Orange || All over pattern,REJECT,REJECT,REJECT
wrong_81,N4_wrong_style,Sweater,false,false,false,false,false,fail,3.2,4.23,3.75,false,false,Bikini top,Ladieswear || Bikini top || Swimwear || Green || All over pattern,REJECT,REJECT,REJECT
wrong_82,N4_wrong_style,Sweater,false,false,false,false,false,fail,3.2,4.24,3.75,false,false,Bikini top,Ladieswear || Bikini top || Swimwear || White || All over pattern,REJECT,REJECT,REJECT
wrong_83,N4_wrong_style,Sweater,false,false,false,false,false,fail,3.2,5.03,3.75,false,false,Bikini top,Ladieswear || Bikini top || Swimwear || Blue || Stripe,REJECT,REJECT,REJECT
wrong_84,N4_wrong_style,Sweater,false,false,false,false,false,fail,3.2,15.63,3.75,false,false,Bikini top,Ladieswear || Bikini top || Swimwear || Red || All over pattern,REJECT,REJECT,REJECT
wrong_85,N4_wrong_style,Sweater,false,false,false,false,false,fail,3.2,5.05,3.75,false,false,Bikini top,Ladieswear || Bikini top || Swimwear || Black || All over pattern,REJECT,REJECT,REJECT
wrong_86,N4_wrong_style,Sweater,false,false,false,false,false,escalate,3.2,4.07,3.75,false,false,Bikini top,Ladieswear || Bikini top || Swimwear || Orange || All over pattern,REJECT,REJECT,REJECT
wrong_87,N4_wrong_style,Sweater,false,false,false,false,false,fail,3.2,4.34,3.75,false,false,Bikini top,Ladieswear || Bikini top || Swimwear || White || All over pattern,REJECT,REJECT,REJECT
wrong_88,N4_wrong_style,Sweater,false,false,false,false,false,escalate,3.2,3.93,3.75,false,false,Bikini top,Ladieswear || Bikini top || Swimwear || White || All over pattern,REJECT,REJECT,REJECT
wrong_89,N4_wrong_style,Sweater,false,false,false,false,false,fail,3.2,5.81,3.75,false,false,Bikini top,Ladieswear || Bikini top || Swimwear || Orange || All over pattern,REJECT,REJECT,REJECT
wrong_90,N4_wrong_style,Sweater,false,false,false,false,false,fail,3.2,4.69,3.75,false,false,Bikini top,Ladieswear || Bikini top || Swimwear || Orange || All over pattern,REJECT,REJECT,REJECT
wrong_91,N4_wrong_style,Sweater,false,false,false,false,false,escalate,3.2,3.94,3.75,false,false,Bikini top,Ladieswear || Bikini top || Swimwear || Black || All over pattern,REJECT,REJECT,REJECT
wrong_92,N4_wrong_style,Sweater,false,false,false,false,false,fail,3.2,5.04,3.75,false,false,Bikini top,Ladieswear || Bikini top || Swimwear || Orange || All over pattern,REJECT,REJECT,REJECT
wrong_93,N4_wrong_style,Sweater,false,false,false,false,false,fail,3.2,4.76,3.75,false,false,Bikini top,Ladieswear || Bikini top || Swimwear || Orange || All over pattern,REJECT,REJECT,REJECT
wrong_94,N4_wrong_style,Sweater,false,false,false,false,false,fail,3.2,5.99,3.75,false,false,Bikini top,Ladieswear || Bikini top || Swimwear || Green || All over pattern,REJECT,REJECT,REJECT
wrong_95,N4_wrong_style,Sweater,false,false,false,false,false,fail,3.2,4.68,3.75,false,false,Bikini top,Ladieswear || Bikini top || Swimwear || Orange || All over pattern,REJECT,REJECT,REJECT
underwear_seed42,N1_malformed,Underwear bottom,true,false,false,false,true,pass,23.72,4.44,8.0,false,false,Swimwear bottom,Ladieswear || Swimwear bottom || Swimwear || Black || Solid,REJECT,REJECT,REJECT
underwear_seed44,N1_malformed,Underwear bottom,false,false,false,false,true,pass,23.72,3.26,8.0,false,false,Swimwear bottom,Ladieswear || Swimwear bottom || Swimwear || Khaki green || Solid,REJECT,REJECT,REJECT
underwear_seed45,N1_malformed,Underwear bottom,true,false,false,false,true,pass,23.72,3.82,8.0,false,false,Swimwear bottom,Ladieswear || Swimwear bottom || Swimwear || Red || Solid,REJECT,REJECT,REJECT
swatch_concat-0.15_s43,N2_swatch,Sweater,false,false,false,false,false,fail,3.2,4.26,3.75,true,true,Sweater,Divided || Sweater || Knitwear || Pink || Melange,REJECT,REJECT,REJECT
swatch_concat-style-only-1.0_s42,N2_swatch,Sweater,false,false,false,false,true,pass,3.2,3.21,3.75,true,false,Skirt,Ladieswear || Skirt || Knitwear || Beige || Solid,REJECT,REJECT,REJECT
clone_Sweater,N3_clone,Sweater,true,true,true,true,true,pass,3.2,0.0,3.75,false,true,Sweater,Ladieswear || Sweater || Knitwear || Beige || Melange,REJECT,REJECT,REJECT
clone_Dress,N3_clone,Dress,true,true,true,true,true,pass,4.3,0.0,4.3,false,true,Dress,Ladieswear || Dress || Blouses || Orange || Solid,REJECT,REJECT,REJECT
clone_Top,N3_clone,Top,true,false,true,true,true,pass,1.12,0.0,2.62,false,true,Top,Ladieswear || Top || Jersey Basic || White || Solid,REJECT,REJECT,REJECT
clone_Bikini top,N3_clone,Bikini top,false,false,false,false,true,pass,13.82,0.0,7.35,false,true,Bikini top,Divided || Bikini top || Swimwear || Black || Solid,REJECT,REJECT,REJECT
submitted_Sweater,P1_approved,Sweater,true,true,true,true,true,pass,3.2,2.75,3.75,false,true,Sweater,Divided || Sweater || Knitwear || Orange || Solid,PASS_PENDING_HUMAN,PASS_PENDING_HUMAN,PASS_PENDING_HUMAN
submitted_Dress,P1_approved,Dress,true,true,true,true,true,pass,4.3,1.67,4.3,false,true,Dress,Ladieswear || Dress || Dresses Ladies || Red || Solid,PASS_PENDING_HUMAN,PASS_PENDING_HUMAN,PASS_PENDING_HUMAN
submitted_Top,P1_approved,Top,true,false,true,true,true,pass,1.12,1.02,2.62,false,true,Top,Divided || Top || Jersey Fancy || White || Solid,REJECT,REJECT,REJECT
submitted_Bikini top,P1_approved,Bikini top,false,false,false,false,true,pass,13.82,2.34,7.35,false,true,Bikini top,Ladieswear || Bikini top || Swimwear || Orange || All over pattern,REJECT,REJECT,REJECT
h3_underwear_seed43,P2_coherent,Underwear bottom,true,false,false,false,true,pass,23.72,3.54,8.0,false,false,Swimwear bottom,Ladieswear || Swimwear bottom || Swimwear || Black || Solid,INCONCLUSIVE,REJECT,REJECT
clean_sweater_concat-0.25-nat_s43,P2_coherent,Sweater,false,false,false,false,false,fail,3.2,5.79,3.75,false,true,Sweater,Ladieswear || Sweater || Knitwear || Khaki green || Melange,REJECT,REJECT,REJECT
clean_sweater_concat-0.35-nat_s43,P2_coherent,Sweater,false,false,false,false,true,pass,3.2,3.03,3.75,false,true,Sweater,Ladieswear || Sweater || Knitwear || Beige || Melange,REJECT,REJECT,REJECT
clean_sweater_single-0.35-nat_s43,P2_coherent,Sweater,false,false,false,false,false,escalate,3.2,3.83,3.75,false,true,Sweater,Menswear || Sweater || Knitwear || Beige || Solid,REJECT,REJECT,REJECT
m3_sweater,P2_coherent,Sweater,false,false,false,false,true,escalate,3.2,3.42,3.75,false,true,Sweater,Menswear || Sweater || Knitwear || Beige || Solid,REJECT,REJECT,REJECT
m3_dress,P2_coherent,Dress,true,false,false,false,false,fail,4.3,5.77,4.3,false,true,Dress,Baby/Children || Dress || Dresses/Skirts girls || Pink || Solid,REJECT,REJECT,REJECT
m3_coral_dress_attempt1,H1_wrong_attribute,Dress,true,false,false,false,false,fail,4.3,6.01,4.3,false,true,Dress,Baby/Children || Dress || Dresses/Skirts girls || Pink || Solid,REJECT,REJECT,REJECT
m3_coral_dress_attempt2,H1_wrong_attribute,Dress,true,false,false,false,false,fail,4.3,5.77,4.3,false,true,Dress,Baby/Children || Dress || Dresses/Skirts girls || Pink || Solid,REJECT,REJECT,REJECT
H1_wrong_attribute_Sweater,H1_wrong_attribute,Sweater,false,false,false,false,false,fail,3.2,4.82,3.75,false,true,Sweater,Menswear || Sweater || Knitwear || Beige || Solid,REJECT,REJECT,REJECT
H2_change_absent_Sweater,H2_change_absent,Sweater,false,false,false,false,true,escalate,3.2,3.48,3.75,false,true,Sweater,Menswear || Sweater || Knitwear || Beige || Solid,REJECT,REJECT,REJECT
H3_averaged_garment_Sweater,H3_averaged_garment,Sweater,false,false,false,false,true,pass,3.2,0.92,3.75,false,true,Sweater,"Ladieswear || Sweater || Under-, Nightwear || Orange || Solid",REJECT,REJECT,REJECT
H1_wrong_attribute_Dress,H1_wrong_attribute,Dress,true,false,false,false,false,fail,4.3,54.19,4.3,false,true,Dress,Ladieswear || Dress || Blouses || Orange || Solid,PASS_PENDING_HUMAN,REJECT,REJECT
H2_change_absent_Dress,H2_change_absent,Dress,true,true,false,false,false,fail,4.3,6.45,4.3,false,true,Dress,Baby/Children || Dress || Dresses/Skirts girls || Blue || Stripe,REJECT,REJECT,REJECT
H3_averaged_garment_Dress,H3_averaged_garment,Dress,true,true,true,true,true,pass,4.3,2.5,4.3,false,true,Dress,Ladieswear || Dress || Special Offers || Red || Solid,REJECT,REJECT,REJECT
H1_wrong_attribute_Top,H1_wrong_attribute,Top,true,true,true,true,true,pass,1.12,0.62,2.62,false,true,Top,Divided || Top || Jersey Fancy || White || Solid,PASS_PENDING_HUMAN,PASS_PENDING_HUMAN,PASS_PENDING_HUMAN
H2_change_absent_Top,H2_change_absent,Top,true,true,true,true,true,pass,1.12,0.59,2.62,false,true,Top,Menswear || Top || Jersey Basic || White || Solid,REJECT,REJECT,REJECT
H3_averaged_garment_Top,H3_averaged_garment,Top,true,true,true,true,true,pass,1.12,0.58,2.62,false,true,Top,Ladieswear || Top || Jersey Basic || White || Solid,REJECT,REJECT,REJECT
H1_wrong_attribute_Bikini top,H1_wrong_attribute,Bikini top,false,false,false,false,true,pass,13.82,3.86,7.35,false,true,Bikini top,Ladieswear || Bikini top || Swimwear || Orange || Solid,REJECT,REJECT,REJECT
H2_change_absent_Bikini top,H2_change_absent,Bikini top,false,false,false,false,true,pass,13.82,3.4,7.35,false,true,Bikini top,Ladieswear || Bikini top || Swimwear || Green || All over pattern,REJECT,REJECT,REJECT
H3_averaged_garment_Bikini top,H3_averaged_garment,Bikini top,false,false,false,false,true,pass,13.82,1.89,7.35,false,false,Bra,"Ladieswear || Bra || Under-, Nightwear || Grey || Contrast",REJECT,REJECT,REJECT
